timestamp,station_id,station_name,latitude,longitude,temperature,pressure,humidity
1977-01-01T00:00:00,42435099999,BARMER,25.75,71.383,12.0,1015.9,54.1
1977-01-01T03:00:00,42435099999,BARMER,25.75,71.383,11.0,1018.2,57.8
1977-01-02T00:00:00,42435099999,BARMER,25.75,71.383,12.0,1016.1,62.25
1977-01-02T03:00:00,42435099999,BARMER,25.75,71.383,12.0,1017.7,62.25
1977-01-02T06:00:00,42435099999,BARMER,25.75,71.383,21.0,1017.5,56.41
1977-01-02T12:00:00,42435099999,BARMER,25.75,71.383,26.0,1013.2,44.56
1977-01-02T18:00:00,42435099999,BARMER,25.75,71.383,17.0,1016.4,63.4
1977-01-03T00:00:00,42435099999,BARMER,25.75,71.383,14.0,1015.9,58.55
1977-01-04T03:00:00,42435099999,BARMER,25.75,71.383,14.0,1017.6,71.85
1977-01-04T06:00:00,42435099999,BARMER,25.75,71.383,27.0,1017.8,39.34
1977-01-05T00:00:00,42435099999,BARMER,25.75,71.383,18.0,1015.0,72.58
1977-01-05T06:00:00,42435099999,BARMER,25.75,71.383,26.0,1016.4,54.08
1977-01-05T12:00:00,42435099999,BARMER,25.75,71.383,29.0,1013.1,45.37
1977-01-06T06:00:00,42435099999,BARMER,25.75,71.383,25.0,1017.4,47.28
1977-01-06T12:00:00,42435099999,BARMER,25.75,71.383,,1022.8,
1977-01-07T03:00:00,42435099999,BARMER,25.75,71.383,16.0,1017.2,59.04
1977-01-07T06:00:00,42435099999,BARMER,25.75,71.383,23.0,1017.3,49.93
1977-01-07T12:00:00,42435099999,BARMER,25.75,71.383,29.0,1013.0,32.77
1977-01-08T00:00:00,42435099999,BARMER,25.75,71.383,15.0,1014.2,72.03
1977-01-08T03:00:00,42435099999,BARMER,25.75,71.383,14.0,1016.0,82.14
1977-01-08T06:00:00,42435099999,BARMER,25.75,71.383,27.0,1016.1,30.1
1977-01-08T12:00:00,42435099999,BARMER,25.75,71.383,29.0,1012.8,32.77
1977-01-09T00:00:00,42435099999,BARMER,25.75,71.383,17.0,1012.6,63.4
1977-01-09T06:00:00,42435099999,BARMER,25.75,71.383,25.0,1014.1,
1977-01-09T12:00:00,42435099999,BARMER,25.75,71.383,27.0,1011.5,30.1
1977-01-09T18:00:00,42435099999,BARMER,25.75,71.383,22.0,1013.3,46.47
1977-01-10T00:00:00,42435099999,BARMER,25.75,71.383,21.0,1012.2,52.8
1977-01-10T06:00:00,42435099999,BARMER,25.75,71.383,24.0,1014.3,69.16
1977-01-10T12:00:00,42435099999,BARMER,25.75,71.383,26.0,1011.3,27.84
1977-01-11T00:00:00,42435099999,BARMER,25.75,71.383,14.0,1014.4,11.06
1977-01-11T06:00:00,42435099999,BARMER,25.75,71.383,16.0,1016.5,18.48
1977-01-12T00:00:00,42435099999,BARMER,25.75,71.383,18.0,1018.2,
1977-01-12T03:00:00,42435099999,BARMER,25.75,71.383,7.0,1020.1,36.2
1977-01-12T06:00:00,42435099999,BARMER,25.75,71.383,17.0,1019.7,23.52
1977-01-12T18:00:00,42435099999,BARMER,25.75,71.383,10.0,1019.5,19.95
1977-01-13T00:00:00,42435099999,BARMER,25.75,71.383,7.0,1017.8,28.66
1977-01-13T03:00:00,42435099999,BARMER,25.75,71.383,8.0,1019.5,28.95
1977-01-13T06:00:00,42435099999,BARMER,25.75,71.383,18.0,1018.4,23.8
1977-01-13T12:00:00,42435099999,BARMER,25.75,71.383,20.0,1013.6,13.29
1977-01-14T00:00:00,42435099999,BARMER,25.75,71.383,11.0,1013.8,23.67
1977-01-14T06:00:00,42435099999,BARMER,25.75,71.383,20.0,1016.4,16.76
1977-01-14T18:00:00,42435099999,BARMER,25.75,71.383,15.0,1016.6,
1977-01-15T00:00:00,42435099999,BARMER,25.75,71.383,13.0,1016.2,26.16
1977-01-15T03:00:00,42435099999,BARMER,25.75,71.383,12.0,1018.0,37.7
1977-01-15T06:00:00,42435099999,BARMER,25.75,71.383,10.0,1018.1,43.05
1977-01-15T12:00:00,42435099999,BARMER,25.75,71.383,22.0,1014.6,21.53
1977-01-15T18:00:00,42435099999,BARMER,25.75,71.383,13.0,1017.2,30.43
1977-01-16T03:00:00,42435099999,BARMER,25.75,71.383,9.0,1019.3,42.76
1977-01-16T06:00:00,42435099999,BARMER,25.75,71.383,18.0,1019.3,36.77
1977-01-17T00:00:00,42435099999,BARMER,25.75,71.383,9.0,1015.6,27.06
1977-01-18T06:00:00,42435099999,BARMER,25.75,71.383,18.0,1016.4,27.58
1977-01-18T12:00:00,42435099999,BARMER,25.75,71.383,24.0,1011.9,16.46
1977-01-19T06:00:00,42435099999,BARMER,25.75,71.383,20.0,1017.9,22.62
1977-01-20T00:00:00,42435099999,BARMER,25.75,71.383,10.0,1019.3,57.54
1977-01-20T06:00:00,42435099999,BARMER,25.75,71.383,20.0,1021.5,42.88
1977-01-23T00:00:00,42435099999,BARMER,25.75,71.383,16.0,1012.6,55.14
1977-01-23T03:00:00,42435099999,BARMER,25.75,71.383,14.0,1013.5,87.75
1977-01-23T18:00:00,42435099999,BARMER,25.75,71.383,15.0,1011.9,77.0
1977-01-24T06:00:00,42435099999,BARMER,25.75,71.383,18.0,1012.6,82.63
1977-01-24T12:00:00,42435099999,BARMER,25.75,71.383,22.0,1009.5,56.66
1977-01-25T03:00:00,42435099999,BARMER,25.75,71.383,10.0,1014.7,100.0
1977-01-25T18:00:00,42435099999,BARMER,25.75,71.383,14.0,1015.3,58.55
1977-01-26T06:00:00,42435099999,BARMER,25.75,71.383,17.0,1017.3,23.52
1977-01-26T12:00:00,42435099999,BARMER,25.75,71.383,20.0,1013.8,34.83
1977-01-27T06:00:00,42435099999,BARMER,25.75,71.383,15.0,1019.5,10.37
1977-01-27T18:00:00,42435099999,BARMER,25.75,71.383,9.0,1019.8,19.68
1977-01-28T00:00:00,42435099999,BARMER,25.75,71.383,9.0,1019.8,19.68
1977-01-28T06:00:00,42435099999,BARMER,25.75,71.383,15.0,1020.1,67.36
1977-01-29T00:00:00,42435099999,BARMER,25.75,71.383,8.0,1016.3,28.95
1977-01-29T03:00:00,42435099999,BARMER,25.75,71.383,9.0,1017.8,27.06
1977-01-29T18:00:00,42435099999,BARMER,25.75,71.383,12.0,1016.3,30.13
1977-01-30T00:00:00,42435099999,BARMER,25.75,71.383,10.0,1015.0,14.39
1977-01-30T03:00:00,42435099999,BARMER,25.75,71.383,10.0,1016.0,39.98
1977-01-30T06:00:00,42435099999,BARMER,25.75,71.383,21.0,1015.4,19.75
1977-01-31T00:00:00,42435099999,BARMER,25.75,71.383,11.0,1011.9,27.64
1977-01-31T03:00:00,42435099999,BARMER,25.75,71.383,10.0,1013.8,39.98
1977-01-31T12:00:00,42435099999,BARMER,25.75,71.383,26.0,1009.8,19.57
1977-02-01T06:00:00,42435099999,BARMER,25.75,71.383,22.0,1015.1,24.89
1977-02-01T18:00:00,42435099999,BARMER,25.75,71.383,16.0,1014.8,29.09
1977-02-02T12:00:00,42435099999,BARMER,25.75,71.383,24.0,1011.7,17.72
1977-02-03T00:00:00,42435099999,BARMER,25.75,71.383,13.0,1014.3,35.31
1977-02-03T03:00:00,42435099999,BARMER,25.75,71.383,13.0,1015.7,38.0
1977-02-03T06:00:00,42435099999,BARMER,25.75,71.383,22.0,1015.3,28.71
1977-02-03T18:00:00,42435099999,BARMER,25.75,71.383,17.0,1013.9,20.22
1977-02-04T00:00:00,42435099999,BARMER,25.75,71.383,15.0,1013.0,31.01
1977-02-04T06:00:00,42435099999,BARMER,25.75,71.383,21.0,1016.0,18.33
1977-02-04T12:00:00,42435099999,BARMER,25.75,71.383,23.0,1012.3,12.92
1977-02-04T18:00:00,42435099999,BARMER,25.75,71.383,16.0,1016.5,13.48
1977-02-05T00:00:00,42435099999,BARMER,25.75,71.383,18.0,,22.09
1977-02-05T03:00:00,42435099999,BARMER,25.75,71.383,9.0,1018.2,46.04
1977-02-05T06:00:00,42435099999,BARMER,25.75,71.383,19.0,1018.8,22.35
1977-02-06T00:00:00,42435099999,BARMER,25.75,71.383,11.0,1016.1,29.84
1977-02-06T06:00:00,42435099999,BARMER,25.75,71.383,21.0,1018.0,26.46
1977-02-06T12:00:00,42435099999,BARMER,25.75,71.383,25.0,1013.9,7.14
1977-02-07T00:00:00,42435099999,BARMER,25.75,71.383,12.0,1018.2,32.49
1977-02-07T03:00:00,42435099999,BARMER,25.75,71.383,12.0,,35.01
1977-02-08T00:00:00,42435099999,BARMER,25.75,71.383,10.0,1015.8,49.83
1977-02-08T03:00:00,42435099999,BARMER,25.75,71.383,12.0,1017.9,35.01
1977-02-08T06:00:00,42435099999,BARMER,25.75,71.383,24.0,1018.5,17.72
1977-02-08T12:00:00,42435099999,BARMER,25.75,71.383,30.0,1013.3,9.23
1977-02-09T00:00:00,42435099999,BARMER,25.75,71.383,18.0,1015.6,31.88
1977-02-09T03:00:00,42435099999,BARMER,25.75,71.383,19.0,1017.4,22.35
1977-02-09T06:00:00,42435099999,BARMER,25.75,71.383,26.0,1017.9,15.73
1977-02-09T12:00:00,42435099999,BARMER,25.75,71.383,30.0,1013.3,16.65
1977-02-10T00:00:00,42435099999,BARMER,25.75,71.383,16.0,1015.1,25.07
1977-02-10T06:00:00,42435099999,BARMER,25.75,71.383,24.0,1016.0,20.51
1977-02-11T00:00:00,42435099999,BARMER,25.75,71.383,13.0,1013.7,40.87
1977-02-11T03:00:00,42435099999,BARMER,25.75,71.383,15.0,1015.7,38.58
1977-02-11T06:00:00,42435099999,BARMER,25.75,71.383,25.0,1016.1,23.96
1977-02-11T12:00:00,42435099999,BARMER,25.75,71.383,30.0,1011.4,11.57
1977-02-12T00:00:00,42435099999,BARMER,25.75,71.383,13.0,1013.1,50.66
1977-02-12T06:00:00,42435099999,BARMER,25.75,71.383,15.0,1015.5,47.75
1977-02-13T00:00:00,42435099999,BARMER,25.75,71.383,14.0,1015.0,54.62
1977-02-13T03:00:00,42435099999,BARMER,25.75,71.383,15.0,1016.4,47.75
1977-02-13T06:00:00,42435099999,BARMER,25.75,71.383,26.0,1016.3,27.84
1977-02-14T00:00:00,42435099999,BARMER,25.75,71.383,14.0,1013.4,54.62
1977-02-14T03:00:00,42435099999,BARMER,25.75,71.383,15.0,1015.7,38.58
1977-02-14T06:00:00,42435099999,BARMER,25.75,71.383,24.0,1015.9,25.43
1977-02-14T18:00:00,42435099999,BARMER,25.75,71.383,20.0,1014.4,32.46
1977-02-15T00:00:00,42435099999,BARMER,25.75,71.383,18.0,1013.3,29.66
1977-02-15T03:00:00,42435099999,BARMER,25.75,71.383,17.0,1015.6,29.37
1977-02-15T12:00:00,42435099999,BARMER,25.75,71.383,30.0,1011.0,15.5
1977-02-16T00:00:00,42435099999,BARMER,25.75,71.383,17.0,1013.2,29.37
1977-02-16T03:00:00,42435099999,BARMER,25.75,71.383,28.0,1015.6,18.7
1977-02-16T06:00:00,42435099999,BARMER,25.75,71.383,28.0,1015.4,18.7
1977-02-16T18:00:00,42435099999,BARMER,25.75,71.383,22.0,1015.0,26.74
1977-02-17T00:00:00,42435099999,BARMER,25.75,71.383,18.0,1013.3,34.25
1977-02-17T03:00:00,42435099999,BARMER,25.75,71.383,18.0,1015.9,34.25
1977-02-17T06:00:00,42435099999,BARMER,25.75,71.383,27.0,1015.5,15.96
1977-02-17T12:00:00,42435099999,BARMER,25.75,71.383,31.0,1011.5,29.21
1977-02-17T18:00:00,42435099999,BARMER,25.75,71.383,24.0,1014.8,27.29
1977-02-18T00:00:00,42435099999,BARMER,25.75,71.383,20.0,1013.4,32.46
1977-02-18T03:00:00,42435099999,BARMER,25.75,71.383,19.0,1015.2,45.63
1977-02-18T06:00:00,42435099999,BARMER,25.75,71.383,26.0,1015.7,25.98
1977-02-19T03:00:00,42435099999,BARMER,25.75,71.383,18.0,1013.3,63.62
1977-02-19T06:00:00,42435099999,BARMER,25.75,71.383,29.0,1013.2,37.38
1977-02-20T00:00:00,42435099999,BARMER,25.75,71.383,23.0,1008.9,40.89
1977-02-20T06:00:00,42435099999,BARMER,25.75,71.383,29.0,1010.7,25.02
1977-02-20T18:00:00,42435099999,BARMER,25.75,71.383,27.0,1009.6,26.25
1977-02-21T00:00:00,42435099999,BARMER,25.75,71.383,21.0,1010.1,30.52
1977-02-21T03:00:00,42435099999,BARMER,25.75,71.383,22.0,1012.4,30.8
1977-02-21T06:00:00,42435099999,BARMER,25.75,71.383,30.0,1012.6,23.62
1977-02-21T12:00:00,42435099999,BARMER,25.75,71.383,34.0,1008.5,26.35
1977-02-22T03:00:00,42435099999,BARMER,25.75,71.383,21.0,1013.3,49.4
1977-02-22T06:00:00,42435099999,BARMER,25.75,71.383,26.0,1013.7,50.73
1977-02-22T12:00:00,42435099999,BARMER,25.75,71.383,31.0,1009.3,31.21
1977-02-23T00:00:00,42435099999,BARMER,25.75,71.383,18.0,1011.5,82.63
1977-02-23T03:00:00,42435099999,BARMER,25.75,71.383,19.0,1012.9,72.76
1977-02-23T06:00:00,42435099999,BARMER,25.75,71.383,25.0,1013.0,53.83
1977-02-23T12:00:00,42435099999,BARMER,25.75,71.383,32.0,1008.2,19.67
1977-02-24T00:00:00,42435099999,BARMER,25.75,71.383,21.0,1010.5,32.75
1977-02-24T03:00:00,42435099999,BARMER,25.75,71.383,18.0,1014.2,34.25
1977-02-24T06:00:00,42435099999,BARMER,25.75,71.383,26.0,1014.9,13.56
1977-02-24T18:00:00,42435099999,BARMER,25.75,71.383,19.0,1015.2,24.07
1977-02-25T00:00:00,42435099999,BARMER,25.75,71.383,13.0,1015.0,40.87
1977-02-25T03:00:00,42435099999,BARMER,25.75,71.383,15.0,1016.7,38.58
1977-02-25T06:00:00,42435099999,BARMER,25.75,71.383,25.0,1016.7,23.96
1977-02-25T12:00:00,42435099999,BARMER,25.75,71.383,29.0,1012.1,15.28
1977-02-25T18:00:00,42435099999,BARMER,25.75,71.383,18.0,1014.9,29.66
1977-02-26T00:00:00,42435099999,BARMER,25.75,71.383,17.0,1014.0,21.82
1977-02-26T03:00:00,42435099999,BARMER,25.75,71.383,17.0,1015.5,42.03
1977-02-26T06:00:00,42435099999,BARMER,25.75,71.383,28.0,1015.6,20.07
1977-02-27T00:00:00,42435099999,BARMER,25.75,71.383,16.0,1014.1,55.14
1977-02-27T03:00:00,42435099999,BARMER,25.75,71.383,18.0,1016.0,63.62
1977-02-27T06:00:00,42435099999,BARMER,25.75,71.383,27.0,1016.3,32.21
1977-02-28T03:00:00,42435099999,BARMER,25.75,71.383,13.0,1016.4,38.0
1977-02-28T06:00:00,42435099999,BARMER,25.75,71.383,23.0,1016.7,38.21
1977-02-28T12:00:00,42435099999,BARMER,25.75,71.383,28.0,1012.0,28.39
1977-03-01T03:00:00,42435099999,BARMER,25.75,71.383,14.0,1018.7,44.21
1977-03-01T06:00:00,42435099999,BARMER,25.75,71.383,25.0,1018.5,36.26
1977-03-01T12:00:00,42435099999,BARMER,25.75,71.383,30.0,1013.7,16.65
1977-03-02T00:00:00,42435099999,BARMER,25.75,71.383,15.0,1015.7,33.37
1977-03-02T03:00:00,42435099999,BARMER,25.75,71.383,16.0,1017.6,31.3
1977-03-02T18:00:00,42435099999,BARMER,25.75,71.383,21.0,1013.8,15.76
1977-03-03T00:00:00,42435099999,BARMER,25.75,71.383,17.0,,23.52
1977-03-03T06:00:00,42435099999,BARMER,25.75,71.383,27.0,1015.6,30.1
1977-03-03T18:00:00,42435099999,BARMER,25.75,71.383,22.0,1014.6,35.4
1977-03-04T00:00:00,42435099999,BARMER,25.75,71.383,17.0,1015.1,45.07
1977-03-04T03:00:00,42435099999,BARMER,25.75,71.383,19.0,1017.4,22.35
1977-03-04T06:00:00,42435099999,BARMER,25.75,71.383,27.0,1017.9,39.34
1977-03-05T00:00:00,42435099999,BARMER,25.75,71.383,17.0,1017.7,55.4
1977-03-05T03:00:00,42435099999,BARMER,25.75,71.383,17.0,1019.2,63.4
1977-03-05T06:00:00,42435099999,BARMER,25.75,71.383,27.0,1019.3,
1977-03-05T12:00:00,42435099999,BARMER,25.75,71.383,31.0,1014.4,12.66
1977-03-05T18:00:00,42435099999,BARMER,25.75,71.383,23.0,1017.5,10.23
1977-03-06T06:00:00,42435099999,BARMER,25.75,71.383,29.0,1018.7,15.28
1977-03-07T03:00:00,42435099999,BARMER,25.75,71.383,0.0,995.0,100.0
1977-03-07T06:00:00,42435099999,BARMER,25.75,71.383,32.0,1018.3,7.63
1977-03-07T18:00:00,42435099999,BARMER,25.75,71.383,27.0,1016.1,32.21
1977-03-08T03:00:00,42435099999,BARMER,25.75,71.383,18.0,1016.9,27.58
1977-03-08T06:00:00,42435099999,BARMER,25.75,71.383,32.0,1015.7,11.96
1977-03-08T12:00:00,42435099999,BARMER,25.75,71.383,36.0,1010.8,13.69
1977-03-09T00:00:00,42435099999,BARMER,25.75,71.383,21.0,1013.0,49.4
1977-03-09T03:00:00,42435099999,BARMER,25.75,71.383,22.0,1015.7,43.45
1977-03-09T06:00:00,42435099999,BARMER,25.75,71.383,31.0,1014.9,20.82
1977-03-09T12:00:00,42435099999,BARMER,25.75,71.383,35.0,1010.4,11.69
1977-03-10T00:00:00,42435099999,BARMER,25.75,71.383,25.0,1010.7,61.16
1977-03-10T06:00:00,42435099999,BARMER,25.75,71.383,34.0,1013.9,24.66
1977-03-11T00:00:00,42435099999,BARMER,25.75,71.383,24.0,1010.7,23.69
1977-03-11T03:00:00,42435099999,BARMER,25.75,71.383,23.0,1013.1,13.95
1977-03-11T06:00:00,42435099999,BARMER,25.75,71.383,32.0,1012.8,9.58
1977-03-12T00:00:00,42435099999,BARMER,25.75,71.383,26.0,1010.1,11.66
1977-03-12T03:00:00,42435099999,BARMER,25.75,71.383,27.0,1011.4,22.84
1977-03-12T06:00:00,42435099999,BARMER,25.75,71.383,32.0,1011.7,22.56
1977-03-12T12:00:00,42435099999,BARMER,25.75,71.383,39.0,1006.9,17.54
1977-03-12T18:00:00,42435099999,BARMER,25.75,71.383,32.0,1010.0,35.84
1977-03-13T00:00:00,42435099999,BARMER,25.75,71.383,,1013.0,
1977-03-13T03:00:00,42435099999,BARMER,25.75,71.383,30.0,1011.0,12.46
1977-03-13T18:00:00,42435099999,BARMER,25.75,71.383,32.0,1010.0,40.72
1977-03-14T00:00:00,42435099999,BARMER,25.75,71.383,29.0,1009.2,48.35
1977-03-14T03:00:00,42435099999,BARMER,25.75,71.383,29.0,1011.5,11.37
1977-03-14T06:00:00,42435099999,BARMER,25.75,71.383,34.0,1011.5,9.22
1977-03-15T00:00:00,42435099999,BARMER,25.75,71.383,23.0,1007.8,73.46
1977-03-15T03:00:00,42435099999,BARMER,25.75,71.383,22.0,1011.2,73.29
1977-03-15T06:00:00,42435099999,BARMER,25.75,71.383,29.0,1011.3,48.35
1977-03-16T03:00:00,42435099999,BARMER,25.75,71.383,27.0,1012.6,15.96
1977-03-17T03:00:00,42435099999,BARMER,25.75,71.383,23.0,1012.0,40.89
1977-03-17T06:00:00,42435099999,BARMER,25.75,71.383,32.0,1011.7,29.48
1977-03-17T18:00:00,42435099999,BARMER,25.75,71.383,24.0,1009.6,22.05
1977-03-18T03:00:00,42435099999,BARMER,25.75,71.383,23.0,1011.5,20.26
1977-03-18T06:00:00,42435099999,BARMER,25.75,71.383,34.0,1011.0,20.16
1977-03-19T00:00:00,42435099999,BARMER,25.75,71.383,26.0,1006.7,22.57
1977-03-19T03:00:00,42435099999,BARMER,25.75,71.383,27.0,1012.2,26.25
1977-03-19T06:00:00,42435099999,BARMER,25.75,71.383,35.0,1013.6,12.56
1977-03-19T12:00:00,42435099999,BARMER,25.75,71.383,,1009.2,
1977-03-19T18:00:00,42435099999,BARMER,25.75,71.383,28.0,1012.8,17.4
1977-03-20T00:00:00,42435099999,BARMER,25.75,71.383,22.0,1012.8,30.8
1977-03-20T03:00:00,42435099999,BARMER,25.75,71.383,23.0,1014.3,33.32
1977-03-20T06:00:00,42435099999,BARMER,25.75,71.383,33.0,1013.3,12.16
1977-03-20T12:00:00,42435099999,BARMER,25.75,71.383,37.0,1007.6,12.96
1977-03-20T18:00:00,42435099999,BARMER,25.75,71.383,32.0,1009.2,19.67
1977-03-21T00:00:00,42435099999,BARMER,25.75,71.383,22.0,1008.3,37.92
1977-03-21T03:00:00,42435099999,BARMER,25.75,71.383,29.0,1009.1,16.42
1977-03-21T06:00:00,42435099999,BARMER,25.75,71.383,36.0,1008.1,15.74
1977-03-21T12:00:00,42435099999,BARMER,25.75,71.383,38.0,1003.6,22.58
1977-03-22T00:00:00,42435099999,BARMER,25.75,71.383,24.0,1006.3,64.93
1977-03-22T03:00:00,42435099999,BARMER,25.75,71.383,21.0,1008.8,68.58
1977-03-22T06:00:00,42435099999,BARMER,25.75,71.383,30.0,1008.2,42.83
1977-03-22T18:00:00,42435099999,BARMER,25.75,71.383,31.0,1005.9,
1977-03-23T00:00:00,42435099999,BARMER,25.75,71.383,28.0,1006.3,45.1
1977-03-23T03:00:00,42435099999,BARMER,25.75,71.383,25.0,1009.5,38.78
1977-03-23T06:00:00,42435099999,BARMER,25.75,71.383,33.0,1010.0,26.08
1977-03-24T03:00:00,42435099999,BARMER,25.75,71.383,26.0,1011.5,44.56
1977-03-24T06:00:00,42435099999,BARMER,25.75,71.383,35.0,1011.7,26.61
1977-03-24T12:00:00,42435099999,BARMER,25.75,71.383,37.0,1007.4,23.84
1977-03-24T18:00:00,42435099999,BARMER,25.75,71.383,32.0,1009.1,31.48
1977-03-25T00:00:00,42435099999,BARMER,25.75,71.383,25.0,1008.4,47.28
1977-03-25T03:00:00,42435099999,BARMER,25.75,71.383,25.0,1011.2,44.28
1977-03-25T06:00:00,42435099999,BARMER,25.75,71.383,31.0,1011.6,33.32
1977-03-25T12:00:00,42435099999,BARMER,25.75,71.383,38.0,1006.1,9.92
1977-03-26T00:00:00,42435099999,BARMER,25.75,71.383,25.0,1010.2,44.28
1977-03-26T03:00:00,42435099999,BARMER,25.75,71.383,25.0,1012.6,41.45
1977-03-26T06:00:00,42435099999,BARMER,25.75,71.383,35.0,1012.6,24.92
1977-03-27T00:00:00,42435099999,BARMER,25.75,71.383,26.0,1010.0,31.93
1977-03-27T12:00:00,42435099999,BARMER,25.75,71.383,39.0,1005.7,20.03
1977-03-27T18:00:00,42435099999,BARMER,25.75,71.383,35.0,1008.6,
1977-03-28T00:00:00,42435099999,BARMER,25.75,71.383,31.0,1008.7,45.91
1977-03-28T03:00:00,42435099999,BARMER,25.75,71.383,31.0,1010.2,29.21
1977-03-28T06:00:00,42435099999,BARMER,25.75,71.383,38.0,1010.0,16.18
1977-03-28T12:00:00,42435099999,BARMER,25.75,71.383,40.0,1005.4,15.54
1977-03-30T00:00:00,42435099999,BARMER,25.75,71.383,29.0,1005.2,35.01
1977-03-30T12:00:00,42435099999,BARMER,25.75,71.383,38.0,1002.9,16.18
1977-03-30T18:00:00,42435099999,BARMER,25.75,71.383,34.0,1005.9,26.35
1977-03-31T03:00:00,42435099999,BARMER,25.75,71.383,30.0,1008.0,40.17
1977-03-31T06:00:00,42435099999,BARMER,25.75,71.383,33.0,1008.3,26.08
1977-03-31T12:00:00,42435099999,BARMER,25.75,71.383,39.0,1004.1,27.67
1977-04-01T00:00:00,42435099999,BARMER,25.75,71.383,27.0,1006.4,47.82
1977-04-01T03:00:00,42435099999,BARMER,25.75,71.383,28.0,1007.8,48.09
1977-04-01T06:00:00,42435099999,BARMER,25.75,71.383,27.0,1006.8,61.61
1977-04-02T03:00:00,42435099999,BARMER,25.75,71.383,33.0,1004.3,12.16
1977-04-02T06:00:00,42435099999,BARMER,25.75,71.383,30.0,996.0,14.42
1977-04-02T18:00:00,42435099999,BARMER,25.75,71.383,35.0,1003.1,23.33
1977-04-03T00:00:00,42435099999,BARMER,25.75,71.383,30.0,1003.7,37.66
1977-04-03T03:00:00,42435099999,BARMER,25.75,71.383,31.0,1005.6,18.12
1977-04-03T06:00:00,42435099999,BARMER,25.75,71.383,37.0,1005.3,12.08
1977-04-03T12:00:00,42435099999,BARMER,25.75,71.383,39.0,1000.3,27.67
1977-04-03T18:00:00,42435099999,BARMER,25.75,71.383,32.0,1003.1,46.18
1977-04-04T06:00:00,42435099999,BARMER,25.75,71.383,34.0,1005.1,20.16
1977-04-04T12:00:00,42435099999,BARMER,25.75,71.383,31.0,1004.3,35.56
1977-04-05T00:00:00,42435099999,BARMER,25.75,71.383,24.0,1006.2,60.93
1977-04-05T03:00:00,42435099999,BARMER,25.75,71.383,23.0,1008.2,68.97
1977-04-05T06:00:00,42435099999,BARMER,25.75,71.383,29.0,1008.2,35.01
1977-04-06T00:00:00,42435099999,BARMER,25.75,71.383,22.0,1004.9,83.11
1977-04-06T06:00:00,42435099999,BARMER,25.75,71.383,30.0,1006.4,37.66
1977-04-07T00:00:00,42435099999,BARMER,25.75,71.383,25.0,1003.1,53.83
1977-04-07T03:00:00,42435099999,BARMER,25.75,71.383,25.0,1006.4,61.16
1977-04-07T06:00:00,42435099999,BARMER,25.75,71.383,32.0,1004.4,35.84
1977-04-07T12:00:00,42435099999,BARMER,25.75,71.383,35.0,1000.5,14.47
1977-04-08T03:00:00,42435099999,BARMER,25.75,71.383,28.0,1004.3,26.52
1977-04-08T06:00:00,42435099999,BARMER,25.75,71.383,33.0,1004.5,27.87
1977-04-08T12:00:00,42435099999,BARMER,25.75,71.383,35.0,,21.82
1977-04-08T18:00:00,42435099999,BARMER,25.75,71.383,29.0,1003.3,62.06
1977-04-09T03:00:00,42435099999,BARMER,25.75,71.383,25.0,1006.0,65.15
1977-04-09T06:00:00,42435099999,BARMER,25.75,71.383,30.0,1006.0,48.62
1977-04-09T12:00:00,42435099999,BARMER,25.75,71.383,36.0,1001.9,23.58
1977-04-09T18:00:00,42435099999,BARMER,25.75,71.383,32.0,1005.4,31.48
1977-04-10T00:00:00,42435099999,BARMER,25.75,71.383,26.0,1006.0,50.73
1977-04-10T03:00:00,42435099999,BARMER,25.75,71.383,27.0,1007.7,42.01
1977-04-10T06:00:00,42435099999,BARMER,25.75,71.383,34.0,1008.0,17.58
1977-04-11T03:00:00,42435099999,BARMER,25.75,71.383,25.0,1009.1,38.78
1977-04-11T06:00:00,42435099999,BARMER,25.75,71.383,30.0,1008.7,27.06
1977-04-11T18:00:00,42435099999,BARMER,25.75,71.383,31.0,1005.9,25.55
1977-04-12T03:00:00,42435099999,BARMER,25.75,71.383,29.0,1009.3,37.38
1977-04-12T06:00:00,42435099999,BARMER,25.75,71.383,31.0,1007.5,22.31
1977-04-13T03:00:00,42435099999,BARMER,25.75,71.383,24.0,1008.8,73.63
1977-04-13T09:00:00,42435099999,BARMER,25.75,71.383,30.0,1003.6,48.62
1977-04-14T06:00:00,42435099999,BARMER,25.75,71.383,29.0,1009.1,54.83
1977-04-14T18:00:00,42435099999,BARMER,25.75,71.383,30.0,1005.0,27.06
1977-04-15T03:00:00,42435099999,BARMER,25.75,71.383,27.0,1005.8,36.82
1977-04-15T06:00:00,42435099999,BARMER,25.75,71.383,34.0,1004.9,26.35
1977-04-15T12:00:00,42435099999,BARMER,25.75,71.383,37.0,1001.1,15.96
1977-04-16T00:00:00,42435099999,BARMER,25.75,71.383,,1005.6,
1977-04-16T06:00:00,42435099999,BARMER,25.75,71.383,34.0,1007.5,
1977-04-16T18:00:00,42435099999,BARMER,25.75,71.383,29.0,1007.0,48.35
1977-04-17T12:00:00,42435099999,BARMER,25.75,71.383,39.0,1003.8,27.67
1977-04-18T06:00:00,42435099999,BARMER,25.75,71.383,34.0,1008.2,28.13
1977-04-18T12:00:00,42435099999,BARMER,25.75,71.383,38.0,1004.2,27.4
1977-04-18T18:00:00,42435099999,BARMER,25.75,71.383,33.0,1007.2,46.44
1977-04-19T00:00:00,42435099999,BARMER,25.75,71.383,25.0,1009.0,
1977-04-19T03:00:00,42435099999,BARMER,25.75,71.383,27.0,1011.2,54.33
1977-04-19T06:00:00,42435099999,BARMER,25.75,71.383,35.0,1010.1,39.04
1977-04-19T12:00:00,42435099999,BARMER,25.75,71.383,39.0,1005.6,24.35
1977-04-19T18:00:00,42435099999,BARMER,25.75,71.383,29.0,1010.5,48.35
1977-04-20T00:00:00,42435099999,BARMER,25.75,71.383,24.0,1010.7,57.15
1977-04-20T03:00:00,42435099999,BARMER,25.75,71.383,27.0,1012.3,50.99
1977-04-20T06:00:00,42435099999,BARMER,25.75,71.383,37.0,1011.6,23.84
1977-04-20T18:00:00,42435099999,BARMER,25.75,71.383,29.0,1010.2,23.36
1977-04-21T00:00:00,42435099999,BARMER,25.75,71.383,25.0,1010.1,31.65
1977-04-21T03:00:00,42435099999,BARMER,25.75,71.383,28.0,1011.1,28.39
1977-04-21T06:00:00,42435099999,BARMER,25.75,71.383,38.0,1010.0,14.11
1977-04-21T12:00:00,42435099999,BARMER,25.75,71.383,33.0,1004.3,12.16
1977-04-21T15:00:00,42435099999,BARMER,25.75,71.383,34.0,1005.6,34.15
1977-04-22T00:00:00,42435099999,BARMER,25.75,71.383,34.0,1005.6,34.15
1977-04-22T03:00:00,42435099999,BARMER,25.75,71.383,29.0,1007.3,20.32
1977-04-22T06:00:00,42435099999,BARMER,25.75,71.383,39.0,1006.6,18.75
1977-04-22T12:00:00,42435099999,BARMER,25.75,71.383,41.0,1001.4,8.44
1977-04-23T00:00:00,42435099999,BARMER,25.75,71.383,29.0,1003.2,30.66
1977-04-23T06:00:00,42435099999,BARMER,25.75,71.383,35.0,1004.6,30.3
1977-04-24T00:00:00,42435099999,BARMER,25.75,71.383,28.0,1003.1,58.11
1977-04-24T06:00:00,42435099999,BARMER,25.75,71.383,38.0,1003.3,17.31
1977-04-24T18:00:00,42435099999,BARMER,25.75,71.383,35.0,1002.5,32.3
1977-04-25T00:00:00,42435099999,BARMER,25.75,71.383,29.0,1003.7,48.35
1977-04-25T06:00:00,42435099999,BARMER,25.75,71.383,34.0,,43.91
1977-04-25T12:00:00,42435099999,BARMER,25.75,71.383,39.0,1001.2,
1977-04-25T18:00:00,42435099999,BARMER,25.75,71.383,34.0,1004.5,24.66
1977-04-26T00:00:00,42435099999,BARMER,25.75,71.383,28.0,1004.2,48.09
1977-04-26T06:00:00,42435099999,BARMER,25.75,71.383,37.0,1005.4,15.96
1977-04-27T06:00:00,42435099999,BARMER,25.75,71.383,34.0,1004.7,43.91
1977-04-27T12:00:00,42435099999,BARMER,25.75,71.383,40.0,999.3,17.77
1977-04-28T03:00:00,42435099999,BARMER,25.75,71.383,27.0,1003.2,74.14
1977-04-28T06:00:00,42435099999,BARMER,25.75,71.383,33.0,1002.2,41.0
1977-04-28T12:00:00,42435099999,BARMER,25.75,71.383,39.0,997.9,22.83
1977-04-28T18:00:00,42435099999,BARMER,25.75,71.383,32.0,1000.1,38.21
1977-04-29T00:00:00,42435099999,BARMER,25.75,71.383,25.0,1001.5,83.45
1977-04-29T03:00:00,42435099999,BARMER,25.75,71.383,26.0,1003.1,73.97
1977-04-30T03:00:00,42435099999,BARMER,25.75,71.383,27.0,1003.2,78.78
1977-04-30T06:00:00,42435099999,BARMER,25.75,71.383,33.0,1003.3,49.4
1977-04-30T12:00:00,42435099999,BARMER,25.75,71.383,38.0,997.9,25.7
1977-04-30T18:00:00,42435099999,BARMER,25.75,71.383,32.0,1001.1,84.22
1977-05-01T00:00:00,42435099999,BARMER,25.75,71.383,27.0,1001.8,78.78
1977-05-01T03:00:00,42435099999,BARMER,25.75,71.383,,1006.2,
1977-05-01T06:00:00,42435099999,BARMER,25.75,71.383,33.0,1003.1,55.81
1977-05-01T12:00:00,42435099999,BARMER,25.75,71.383,38.0,999.9,25.7
1977-05-01T18:00:00,42435099999,BARMER,25.75,71.383,33.0,1001.0,38.49
1977-05-02T06:00:00,42435099999,BARMER,25.75,71.383,36.0,1002.3,30.57
1977-05-02T18:00:00,42435099999,BARMER,25.75,71.383,34.0,999.4,52.77
1977-05-03T06:00:00,42435099999,BARMER,25.75,71.383,33.0,1002.3,55.81
1977-05-03T18:00:00,42435099999,BARMER,25.75,71.383,33.0,1002.5,18.59
1977-05-04T00:00:00,42435099999,BARMER,25.75,71.383,27.0,1004.0,47.82
1977-05-04T03:00:00,42435099999,BARMER,25.75,71.383,28.0,1005.9,48.09
1977-05-04T06:00:00,42435099999,BARMER,25.75,71.383,35.0,1005.6,32.3
1977-05-04T12:00:00,42435099999,BARMER,25.75,71.383,39.0,1001.4,25.96
1977-05-04T18:00:00,42435099999,BARMER,25.75,71.383,26.0,1005.7,65.36
1977-05-05T00:00:00,42435099999,BARMER,25.75,71.383,25.0,1004.0,65.15
1977-05-05T03:00:00,42435099999,BARMER,25.75,71.383,27.0,1006.3,74.14
1977-05-05T06:00:00,42435099999,BARMER,25.75,71.383,34.0,1006.5,52.77
1977-05-06T00:00:00,42435099999,BARMER,25.75,71.383,28.0,1003.3,69.92
1977-05-06T03:00:00,42435099999,BARMER,25.75,71.383,28.0,1004.9,65.77
1977-05-06T06:00:00,42435099999,BARMER,25.75,71.383,36.0,1003.1,41.81
1977-05-06T18:00:00,42435099999,BARMER,25.75,71.383,31.0,1000.7,45.91
1977-05-07T00:00:00,42435099999,BARMER,25.75,71.383,28.0,1000.8,69.92
1977-05-07T03:00:00,42435099999,BARMER,25.75,71.383,30.0,1002.5,51.76
1977-05-07T06:00:00,42435099999,BARMER,25.75,71.383,36.0,1002.2,39.31
1977-05-07T12:00:00,42435099999,BARMER,25.75,71.383,41.0,997.9,21.88
1977-05-07T18:00:00,42435099999,BARMER,25.75,71.383,23.0,1002.0,73.46
1977-05-08T00:00:00,42435099999,BARMER,25.75,71.383,28.0,1003.4,78.92
1977-05-08T03:00:00,42435099999,BARMER,25.75,71.383,30.0,1004.9,66.18
1977-05-08T06:00:00,42435099999,BARMER,25.75,71.383,33.0,1005.3,59.27
1977-05-09T00:00:00,42435099999,BARMER,25.75,71.383,27.0,1003.8,65.56
1977-05-09T06:00:00,42435099999,BARMER,25.75,71.383,36.0,1004.9,32.57
1977-05-09T12:00:00,42435099999,BARMER,25.75,71.383,37.0,1001.0,27.14
1977-05-10T00:00:00,42435099999,BARMER,25.75,71.383,28.0,1004.6,48.09
1977-05-10T03:00:00,42435099999,BARMER,25.75,71.383,21.0,1005.9,68.58
1977-05-10T06:00:00,42435099999,BARMER,25.75,71.383,39.0,1005.6,24.35
1977-05-11T00:00:00,42435099999,BARMER,25.75,71.383,33.0,1001.4,29.76
1977-05-11T06:00:00,42435099999,BARMER,25.75,71.383,39.0,1003.0,20.03
1977-05-11T12:00:00,42435099999,BARMER,25.75,71.383,43.0,996.9,30.53
1977-05-11T18:00:00,42435099999,BARMER,25.75,71.383,35.0,1000.0,30.3
1977-05-12T03:00:00,42435099999,BARMER,25.75,71.383,32.0,1002.5,31.48
1977-05-12T06:00:00,42435099999,BARMER,25.75,71.383,41.0,1002.1,19.22
1977-05-13T03:00:00,42435099999,BARMER,25.75,71.383,36.0,1001.3,25.18
1977-05-13T18:00:00,42435099999,BARMER,25.75,71.383,36.0,999.4,14.68
1977-05-14T00:00:00,42435099999,BARMER,25.75,71.383,33.0,993.3,22.82
1977-05-14T03:00:00,42435099999,BARMER,25.75,71.383,32.0,1000.8,52.27
1977-05-14T06:00:00,42435099999,BARMER,25.75,71.383,37.0,1000.5,39.58
1977-05-14T12:00:00,42435099999,BARMER,25.75,71.383,42.0,996.3,8.6
1977-05-15T00:00:00,42435099999,BARMER,25.75,71.383,29.0,1001.1,37.38
1977-05-15T03:00:00,42435099999,BARMER,25.75,71.383,34.0,1005.1,23.07
1977-05-15T06:00:00,42435099999,BARMER,25.75,71.383,39.0,1001.1,18.75
1977-05-15T18:00:00,42435099999,BARMER,25.75,71.383,37.0,998.7,19.55
1977-05-16T00:00:00,42435099999,BARMER,25.75,71.383,29.0,1000.5,65.98
1977-05-16T03:00:00,42435099999,BARMER,25.75,71.383,30.0,1002.0,51.76
1977-05-16T06:00:00,42435099999,BARMER,25.75,71.383,35.0,1002.1,44.18
1977-05-16T12:00:00,42435099999,BARMER,25.75,71.383,40.0,998.3,24.61
1977-05-16T18:00:00,42435099999,BARMER,25.75,71.383,36.0,1001.0,39.31
1977-05-17T00:00:00,42435099999,BARMER,25.75,71.383,30.0,,66.18
1977-05-17T03:00:00,42435099999,BARMER,25.75,71.383,29.0,1004.1,74.47
1977-05-17T06:00:00,42435099999,BARMER,25.75,71.383,34.0,1004.5,52.77
1977-05-17T12:00:00,42435099999,BARMER,25.75,71.383,41.0,999.9,15.76
1977-05-17T18:00:00,42435099999,BARMER,25.75,71.383,35.0,1002.1,34.42
1977-05-18T00:00:00,42435099999,BARMER,25.75,71.383,28.0,1002.5,78.92
1977-05-18T03:00:00,42435099999,BARMER,25.75,71.383,29.0,1003.3,70.11
1977-05-18T06:00:00,42435099999,BARMER,25.75,71.383,35.0,1002.5,39.04
1977-05-18T18:00:00,42435099999,BARMER,25.75,71.383,35.0,1000.2,39.04
1977-05-19T00:00:00,42435099999,BARMER,25.75,71.383,29.0,1000.9,58.35
1977-05-19T06:00:00,42435099999,BARMER,25.75,71.383,36.0,1002.7,34.7
1977-05-19T12:00:00,42435099999,BARMER,25.75,71.383,41.0,998.6,16.85
1977-05-19T18:00:00,42435099999,BARMER,25.75,71.383,34.0,1001.5,46.71
1977-05-20T00:00:00,42435099999,BARMER,25.75,71.383,27.0,1002.5,88.84
1977-05-20T03:00:00,42435099999,BARMER,25.75,71.383,29.0,1004.1,74.47
1977-05-20T06:00:00,42435099999,BARMER,25.75,71.383,35.0,1003.8,49.91
1977-05-20T12:00:00,42435099999,BARMER,25.75,71.383,43.0,999.4,22.37
1977-05-20T18:00:00,42435099999,BARMER,25.75,71.383,35.0,1001.7,39.04
1977-05-21T00:00:00,42435099999,BARMER,25.75,71.383,28.0,1003.0,88.92
1977-05-21T12:00:00,42435099999,BARMER,25.75,71.383,42.0,998.9,17.07
1977-05-21T18:00:00,42435099999,BARMER,25.75,71.383,35.0,1002.0,26.61
1977-05-22T00:00:00,42435099999,BARMER,25.75,71.383,30.0,1002.4,66.18
1977-05-22T03:00:00,42435099999,BARMER,25.75,71.383,30.0,1003.3,62.28
1977-05-22T06:00:00,42435099999,BARMER,25.75,71.383,36.0,1002.8,44.45
1977-05-22T12:00:00,42435099999,BARMER,25.75,71.383,42.0,998.6,19.46
1977-05-23T00:00:00,42435099999,BARMER,25.75,71.383,,1009.2,
1977-05-23T06:00:00,42435099999,BARMER,25.75,71.383,35.0,1004.9,49.91
1977-05-23T18:00:00,42435099999,BARMER,25.75,71.383,34.0,1008.2,66.98
1977-05-24T12:00:00,42435099999,BARMER,25.75,71.383,39.0,1000.2,29.47
1977-05-25T00:00:00,42435099999,BARMER,25.75,71.383,28.0,1002.6,74.3
1977-05-25T03:00:00,42435099999,BARMER,25.75,71.383,28.0,1004.1,74.3
1977-05-25T06:00:00,42435099999,BARMER,25.75,71.383,33.0,1003.7,52.52
1977-05-25T12:00:00,42435099999,BARMER,25.75,71.383,39.0,997.6,25.96
1977-05-26T00:00:00,42435099999,BARMER,25.75,71.383,26.0,1005.9,69.55
1977-05-26T03:00:00,42435099999,BARMER,25.75,71.383,28.0,1004.6,65.77
1977-05-26T06:00:00,42435099999,BARMER,25.75,71.383,34.0,1004.1,52.77
1977-05-26T18:00:00,42435099999,BARMER,25.75,71.383,29.0,1001.6,51.5
1977-05-27T00:00:00,42435099999,BARMER,25.75,71.383,25.0,1007.1,83.45
1977-05-27T03:00:00,42435099999,BARMER,25.75,71.383,25.0,1005.9,88.68
1977-05-27T06:00:00,42435099999,BARMER,25.75,71.383,30.0,1006.8,58.58
1977-05-27T12:00:00,42435099999,BARMER,25.75,71.383,36.0,1002.2,36.94
1977-05-28T00:00:00,42435099999,BARMER,25.75,71.383,27.0,1005.1,65.56
1977-05-28T03:00:00,42435099999,BARMER,25.75,71.383,29.0,1006.2,65.98
1977-05-28T06:00:00,42435099999,BARMER,25.75,71.383,35.0,1005.4,46.97
1977-05-29T00:00:00,42435099999,BARMER,25.75,71.383,27.0,1002.7,78.78
1977-05-29T06:00:00,42435099999,BARMER,25.75,71.383,35.0,1001.8,39.04
1977-05-29T18:00:00,42435099999,BARMER,25.75,71.383,33.0,991.1,55.81
1977-05-30T00:00:00,42435099999,BARMER,25.75,71.383,28.0,999.1,74.3
1977-05-30T03:00:00,42435099999,BARMER,25.75,71.383,29.0,1000.4,70.11
1977-05-30T12:00:00,42435099999,BARMER,25.75,71.383,41.0,994.9,15.76
1977-05-31T00:00:00,42435099999,BARMER,25.75,71.383,28.0,998.7,74.3
1977-05-31T03:00:00,42435099999,BARMER,25.75,71.383,29.0,1000.9,65.98
1977-05-31T12:00:00,42435099999,BARMER,25.75,71.383,41.0,996.6,12.01
1977-05-31T18:00:00,42435099999,BARMER,25.75,71.383,35.0,999.8,44.18
1977-06-01T00:00:00,42435099999,BARMER,25.75,71.383,29.0,1000.0,70.11
1977-06-01T09:00:00,42435099999,BARMER,25.75,71.383,30.0,1001.8,66.18
1977-06-01T12:00:00,42435099999,BARMER,25.75,71.383,42.0,997.1,11.39
1977-06-02T00:00:00,42435099999,BARMER,25.75,71.383,28.0,1000.3,78.92
1977-06-02T03:00:00,42435099999,BARMER,25.75,71.383,29.0,1001.5,79.06
1977-06-02T06:00:00,42435099999,BARMER,25.75,71.383,36.0,999.4,41.81
1977-06-02T12:00:00,42435099999,BARMER,25.75,71.383,44.0,995.2,18.69
1977-06-03T00:00:00,42435099999,BARMER,25.75,71.383,29.0,997.9,62.06
1977-06-03T03:00:00,42435099999,BARMER,25.75,71.383,30.0,999.3,70.29
1977-06-03T06:00:00,42435099999,BARMER,25.75,71.383,38.0,998.7,27.4
1977-06-03T18:00:00,42435099999,BARMER,25.75,71.383,36.0,997.5,36.94
1977-06-04T00:00:00,42435099999,BARMER,25.75,71.383,28.0,999.5,78.92
1977-06-04T03:00:00,42435099999,BARMER,25.75,71.383,29.0,1000.7,70.11
1977-06-04T06:00:00,42435099999,BARMER,25.75,71.383,38.0,999.7,
1977-06-05T00:00:00,42435099999,BARMER,25.75,71.383,28.0,999.1,78.92
1977-06-05T03:00:00,42435099999,BARMER,25.75,71.383,30.0,1000.5,62.28
1977-06-05T06:00:00,42435099999,BARMER,25.75,71.383,36.0,999.7,41.81
1977-06-05T12:00:00,42435099999,BARMER,25.75,71.383,42.0,995.7,22.13
1977-06-05T18:00:00,42435099999,BARMER,25.75,71.383,34.0,999.6,38.76
1977-06-06T00:00:00,42435099999,BARMER,25.75,71.383,27.0,999.5,78.78
1977-06-06T03:00:00,42435099999,BARMER,25.75,71.383,29.0,1001.0,65.98
1977-06-07T00:00:00,42435099999,BARMER,25.75,71.383,26.0,1000.8,83.57
1977-06-07T03:00:00,42435099999,BARMER,25.75,71.383,28.0,1001.8,37.1
1977-06-07T06:00:00,42435099999,BARMER,25.75,71.383,34.0,1000.4,
1977-06-07T18:00:00,42435099999,BARMER,25.75,71.383,31.0,999.6,
1977-06-08T00:00:00,42435099999,BARMER,25.75,71.383,27.0,999.8,78.78
1977-06-08T12:00:00,42435099999,BARMER,25.75,71.383,38.0,997.3,37.48
1977-06-08T18:00:00,42435099999,BARMER,25.75,71.383,33.0,1000.6,49.4
1977-06-09T03:00:00,42435099999,BARMER,25.75,71.383,29.0,1002.0,70.11
1977-06-09T06:00:00,42435099999,BARMER,25.75,71.383,31.0,1001.5,55.32
1977-06-09T12:00:00,42435099999,BARMER,25.75,71.383,40.0,996.8,26.22
1977-06-10T00:00:00,42435099999,BARMER,25.75,71.383,29.0,1000.4,48.35
1977-06-10T03:00:00,42435099999,BARMER,25.75,71.383,32.0,1000.3,40.72
1977-06-10T06:00:00,42435099999,BARMER,25.75,71.383,39.0,999.6,25.96
1977-06-10T12:00:00,42435099999,BARMER,25.75,71.383,38.0,,33.12
1977-06-11T03:00:00,42435099999,BARMER,25.75,71.383,27.0,1002.9,74.14
1977-06-11T06:00:00,42435099999,BARMER,25.75,71.383,30.0,1002.7,58.58
1977-06-11T12:00:00,42435099999,BARMER,25.75,71.383,35.0,999.1,39.04
1977-06-12T03:00:00,42435099999,BARMER,25.75,71.383,26.0,1004.0,94.23
1977-06-12T12:00:00,42435099999,BARMER,25.75,71.383,34.0,1001.3,56.05
1977-06-13T00:00:00,42435099999,BARMER,25.75,71.383,24.0,1003.5,94.15
1977-06-13T03:00:00,42435099999,BARMER,25.75,71.383,28.0,1005.5,69.92
1977-06-13T06:00:00,42435099999,BARMER,25.75,71.383,33.0,1005.0,55.81
1977-06-13T12:00:00,42435099999,BARMER,25.75,71.383,36.0,1000.5,39.31
1977-06-14T00:00:00,42435099999,BARMER,25.75,71.383,28.0,1002.0,78.92
1977-06-14T03:00:00,42435099999,BARMER,25.75,71.383,29.0,1003.6,70.11
1977-06-14T12:00:00,42435099999,BARMER,25.75,71.383,37.0,998.1,34.97
1977-06-14T18:00:00,42435099999,BARMER,25.75,71.383,33.0,999.0,55.81
1977-06-15T00:00:00,42435099999,BARMER,25.75,71.383,23.0,1000.5,100.0
1977-06-15T03:00:00,42435099999,BARMER,25.75,71.383,24.0,1003.4,94.15
1977-06-15T06:00:00,42435099999,BARMER,25.75,71.383,30.0,1002.0,66.18
1977-06-15T12:00:00,42435099999,BARMER,25.75,71.383,37.0,997.1,42.08
1977-06-15T18:00:00,42435099999,BARMER,25.75,71.383,33.0,1000.5,55.81
1977-06-16T00:00:00,42435099999,BARMER,25.75,71.383,28.0,999.9,69.92
1977-06-16T03:00:00,42435099999,BARMER,25.75,71.383,,996.0,
1977-06-16T06:00:00,42435099999,BARMER,25.75,71.383,36.0,1001.1,39.31
1977-06-16T21:00:00,42435099999,BARMER,25.75,71.383,29.0,999.3,79.06
1977-06-17T00:00:00,42435099999,BARMER,25.75,71.383,,1000.5,
1977-06-17T06:00:00,42435099999,BARMER,25.75,71.383,36.0,1000.3,28.67
1977-06-17T12:00:00,42435099999,BARMER,25.75,71.383,40.0,994.7,45.5
1977-06-17T18:00:00,42435099999,BARMER,25.75,71.383,34.0,998.0,30.03
1977-06-18T03:00:00,42435099999,BARMER,25.75,71.383,27.0,999.5,69.74
1977-06-18T18:00:00,42435099999,BARMER,25.75,71.383,27.0,999.5,69.74
1977-06-19T00:00:00,42435099999,BARMER,25.75,71.383,29.0,997.4,79.06
1977-06-19T06:00:00,42435099999,BARMER,25.75,71.383,38.0,997.7,39.85
1977-06-19T12:00:00,42435099999,BARMER,25.75,71.383,41.0,993.3,26.48
1977-06-19T18:00:00,42435099999,BARMER,25.75,71.383,32.0,996.4,40.72
1977-06-20T00:00:00,42435099999,BARMER,25.75,71.383,30.0,996.5,70.29
1977-06-20T06:00:00,42435099999,BARMER,25.75,71.383,39.0,997.1,27.67
1977-06-20T12:00:00,42435099999,BARMER,25.75,71.383,44.0,992.2,19.93
1977-06-21T00:00:00,42435099999,BARMER,25.75,71.383,32.0,994.9,59.04
1977-06-21T03:00:00,42435099999,BARMER,25.75,71.383,33.0,996.8,55.81
1977-06-21T06:00:00,42435099999,BARMER,25.75,71.383,39.0,995.5,
1977-06-21T12:00:00,42435099999,BARMER,25.75,71.383,38.0,991.8,27.4
1977-06-22T00:00:00,42435099999,BARMER,25.75,71.383,30.0,994.9,66.18
1977-06-22T12:00:00,42435099999,BARMER,25.75,71.383,41.0,993.3,26.48
1977-06-22T18:00:00,42435099999,BARMER,25.75,71.383,33.0,994.9,55.81
1977-06-23T00:00:00,42435099999,BARMER,25.75,71.383,29.0,995.7,74.47
1977-06-23T06:00:00,42435099999,BARMER,25.75,71.383,34.0,996.9,56.05
1977-06-23T12:00:00,42435099999,BARMER,25.75,71.383,,993.1,
1977-06-24T03:00:00,42435099999,BARMER,25.75,71.383,29.0,997.3,79.06
1977-06-24T06:00:00,42435099999,BARMER,25.75,71.383,34.0,992.4,59.5
1977-06-24T12:00:00,42435099999,BARMER,25.75,71.383,36.0,993.3,47.23
1977-06-25T03:00:00,42435099999,BARMER,25.75,71.383,26.0,999.6,88.76
1977-06-25T06:00:00,42435099999,BARMER,25.75,71.383,28.0,998.6,83.79
1977-06-25T18:00:00,42435099999,BARMER,25.75,71.383,30.0,997.4,79.2
1977-06-26T06:00:00,42435099999,BARMER,25.75,71.383,32.0,996.6,62.71
1977-06-26T12:00:00,42435099999,BARMER,25.75,71.383,37.0,992.0,44.71
1977-06-26T18:00:00,42435099999,BARMER,25.75,71.383,32.0,995.4,59.04
1977-06-27T00:00:00,42435099999,BARMER,25.75,71.383,28.0,994.5,83.79
1977-06-27T03:00:00,42435099999,BARMER,25.75,71.383,29.0,995.4,74.47
1977-06-27T06:00:00,42435099999,BARMER,25.75,71.383,34.0,995.4,52.77
1977-06-27T12:00:00,42435099999,BARMER,25.75,71.383,37.0,991.2,44.71
1977-06-27T18:00:00,42435099999,BARMER,25.75,71.383,34.0,993.9,56.05
1977-06-28T00:00:00,42435099999,BARMER,25.75,71.383,29.0,992.8,79.06
1977-06-28T06:00:00,42435099999,BARMER,25.75,71.383,32.0,995.2,66.58
1977-06-28T18:00:00,42435099999,BARMER,25.75,71.383,26.0,991.2,94.23
1977-06-29T00:00:00,42435099999,BARMER,25.75,71.383,26.0,994.1,94.23
1977-06-29T03:00:00,42435099999,BARMER,25.75,71.383,27.0,995.5,88.84
1977-06-29T06:00:00,42435099999,BARMER,25.75,71.383,30.0,995.5,74.63
1977-06-29T18:00:00,42435099999,BARMER,25.75,71.383,26.0,995.6,100.0
1977-06-30T00:00:00,42435099999,BARMER,25.75,71.383,26.0,994.6,94.23
1977-06-30T06:00:00,42435099999,BARMER,25.75,71.383,26.0,996.7,94.23
1977-06-30T12:00:00,42435099999,BARMER,25.75,71.383,30.0,994.9,79.2
1977-07-01T00:00:00,42435099999,BARMER,25.75,71.383,26.0,996.3,94.23
1977-07-01T06:00:00,42435099999,BARMER,25.75,71.383,28.0,997.3,88.92
1977-07-01T12:00:00,42435099999,BARMER,25.75,71.383,30.0,994.6,74.63
1977-07-02T00:00:00,42435099999,BARMER,25.75,71.383,26.0,996.0,94.23
1977-07-02T03:00:00,42435099999,BARMER,25.75,71.383,26.0,997.1,94.23
1977-07-02T12:00:00,42435099999,BARMER,25.75,71.383,31.0,993.2,66.38
1977-07-03T00:00:00,42435099999,BARMER,25.75,71.383,26.0,996.1,94.23
1977-07-03T03:00:00,42435099999,BARMER,25.75,71.383,27.0,996.2,94.27
1977-07-03T06:00:00,42435099999,BARMER,25.75,71.383,29.0,996.5,83.9
1977-07-03T12:00:00,42435099999,BARMER,25.75,71.383,29.0,994.3,88.99
1977-07-04T00:00:00,42435099999,BARMER,25.75,71.383,27.0,995.0,83.68
1977-07-04T06:00:00,42435099999,BARMER,25.75,71.383,31.0,995.4,62.5
1977-07-04T12:00:00,42435099999,BARMER,25.75,71.383,25.0,991.2,88.68
1977-07-05T06:00:00,42435099999,BARMER,25.75,71.383,33.0,993.8,62.93
1977-07-05T18:00:00,42435099999,BARMER,25.75,71.383,30.0,994.2,79.2
1977-07-06T00:00:00,42435099999,BARMER,25.75,71.383,28.0,993.9,83.79
1977-07-06T03:00:00,42435099999,BARMER,25.75,71.383,29.0,993.8,83.9
1977-07-06T06:00:00,42435099999,BARMER,25.75,71.383,30.0,995.8,79.2
1977-07-06T12:00:00,42435099999,BARMER,25.75,71.383,,998.3,
1977-07-07T03:00:00,42435099999,BARMER,25.75,71.383,27.0,994.8,94.27
1977-07-08T03:00:00,42435099999,BARMER,25.75,71.383,28.0,995.2,88.92
1977-07-08T12:00:00,42435099999,BARMER,25.75,71.383,31.0,992.9,74.79
1977-07-08T18:00:00,42435099999,BARMER,25.75,71.383,23.0,996.9,
1977-07-09T00:00:00,42435099999,BARMER,25.75,71.383,24.0,996.2,88.6
1977-07-09T03:00:00,42435099999,BARMER,25.75,71.383,,998.4,
1977-07-09T06:00:00,42435099999,BARMER,25.75,71.383,28.0,998.6,83.79
1977-07-09T12:00:00,42435099999,BARMER,25.75,71.383,30.0,995.4,79.2
1977-07-09T18:00:00,42435099999,BARMER,25.75,71.383,28.0,997.6,88.92
1977-07-10T00:00:00,42435099999,BARMER,25.75,71.383,27.0,996.2,88.84
1977-07-10T03:00:00,42435099999,BARMER,25.75,71.383,28.0,997.6,78.92
1977-07-10T06:00:00,42435099999,BARMER,25.75,71.383,30.0,997.9,74.63
1977-07-10T12:00:00,42435099999,BARMER,25.75,71.383,33.0,995.1,59.27
1977-07-10T18:00:00,42435099999,BARMER,25.75,71.383,27.0,999.2,74.14
1977-07-11T00:00:00,42435099999,BARMER,25.75,71.383,26.0,997.6,94.23
1977-07-11T03:00:00,42435099999,BARMER,25.75,71.383,27.0,999.1,88.84
1977-07-11T06:00:00,42435099999,BARMER,25.75,71.383,28.0,1000.1,88.92
1977-07-11T18:00:00,42435099999,BARMER,25.75,71.383,27.0,1000.8,88.84
1977-07-12T00:00:00,42435099999,BARMER,25.75,71.383,26.0,999.9,94.23
1977-07-12T12:00:00,42435099999,BARMER,25.75,71.383,32.0,999.5,59.04
1977-07-12T18:00:00,42435099999,BARMER,25.75,71.383,29.0,1002.5,74.47
1977-07-13T03:00:00,42435099999,BARMER,25.75,71.383,29.0,1002.8,79.06
1977-07-13T06:00:00,42435099999,BARMER,25.75,71.383,31.0,1002.2,66.38
1977-07-13T12:00:00,42435099999,BARMER,25.75,71.383,33.0,997.7,55.81
1977-07-14T00:00:00,42435099999,BARMER,25.75,71.383,26.0,997.5,94.23
1977-07-14T03:00:00,42435099999,BARMER,25.75,71.383,27.0,998.2,83.68
1977-07-14T06:00:00,42435099999,BARMER,25.75,71.383,31.0,997.9,66.38
1977-07-15T00:00:00,42435099999,BARMER,25.75,71.383,27.0,995.8,83.68
1977-07-16T06:00:00,42435099999,BARMER,25.75,71.383,29.0,997.9,74.47
1977-07-16T12:00:00,42435099999,BARMER,25.75,71.383,29.0,997.9,74.47
1977-07-16T18:00:00,42435099999,BARMER,25.75,71.383,29.0,997.5,74.47
1977-07-17T00:00:00,42435099999,BARMER,25.75,71.383,28.0,997.3,74.3
1977-07-17T06:00:00,42435099999,BARMER,25.75,71.383,32.0,997.8,62.71
1977-07-17T12:00:00,42435099999,BARMER,25.75,71.383,34.0,994.5,52.77
1977-07-17T18:00:00,42435099999,BARMER,25.75,71.383,30.0,997.1,74.63
1977-07-18T00:00:00,42435099999,BARMER,25.75,71.383,29.0,997.7,79.06
1977-07-18T12:00:00,42435099999,BARMER,25.75,71.383,28.0,996.5,74.3
1977-07-19T00:00:00,42435099999,BARMER,25.75,71.383,26.0,998.8,94.23
1977-07-19T03:00:00,42435099999,BARMER,25.75,71.383,29.0,999.5,79.06
1977-07-19T06:00:00,42435099999,BARMER,25.75,71.383,34.0,999.1,75.26
1977-07-19T12:00:00,42435099999,BARMER,25.75,71.383,37.0,995.9,53.5
1977-07-20T00:00:00,42435099999,BARMER,25.75,71.383,30.0,997.3,84.01
1977-07-21T00:00:00,42435099999,BARMER,25.75,71.383,27.0,996.8,94.27
1977-07-21T12:00:00,42435099999,BARMER,25.75,71.383,37.0,992.4,42.08
1977-07-22T00:00:00,42435099999,BARMER,25.75,71.383,29.0,995.6,79.06
1977-07-22T03:00:00,42435099999,BARMER,25.75,71.383,29.0,995.6,79.06
1977-07-22T06:00:00,42435099999,BARMER,25.75,71.383,,998.3,
1977-07-22T12:00:00,42435099999,BARMER,25.75,71.383,38.0,992.4,44.97
1977-07-22T18:00:00,42435099999,BARMER,25.75,71.383,32.0,994.8,70.66
1977-07-23T00:00:00,42435099999,BARMER,25.75,71.383,28.0,995.0,78.92
1977-07-23T03:00:00,42435099999,BARMER,25.75,71.383,29.0,995.9,70.11
1977-07-23T06:00:00,42435099999,BARMER,25.75,71.383,34.0,995.5,52.77
1977-07-23T12:00:00,42435099999,BARMER,25.75,71.383,36.0,991.5,50.17
1977-07-23T18:00:00,42435099999,BARMER,25.75,71.383,31.0,994.6,70.48
1977-07-24T12:00:00,42435099999,BARMER,25.75,71.383,37.0,991.4,44.71
1977-07-25T06:00:00,42435099999,BARMER,25.75,71.383,34.0,995.7,52.77
1977-07-25T12:00:00,42435099999,BARMER,25.75,71.383,22.0,992.0,100.0
1977-07-25T18:00:00,42435099999,BARMER,25.75,71.383,,996.3,
1977-07-26T06:00:00,42435099999,BARMER,25.75,71.383,30.0,996.8,79.2
1977-07-26T12:00:00,42435099999,BARMER,25.75,71.383,33.0,992.6,59.27
1977-07-26T18:00:00,42435099999,BARMER,25.75,71.383,29.0,995.0,88.99
1977-07-27T00:00:00,42435099999,BARMER,25.75,71.383,33.0,992.6,70.84
1977-07-27T03:00:00,42435099999,BARMER,25.75,71.383,29.0,994.5,
1977-07-27T06:00:00,42435099999,BARMER,25.75,71.383,30.0,995.8,84.01
1977-07-27T12:00:00,42435099999,BARMER,25.75,71.383,29.0,993.6,88.99
1977-07-28T00:00:00,42435099999,BARMER,25.75,71.383,27.0,995.0,83.68
1977-07-28T12:00:00,42435099999,BARMER,25.75,71.383,34.0,991.6,52.77
1977-07-29T00:00:00,42435099999,BARMER,25.75,71.383,27.0,994.2,83.68
1977-07-29T03:00:00,42435099999,BARMER,25.75,71.383,32.0,995.0,
1977-07-29T06:00:00,42435099999,BARMER,25.75,71.383,32.0,994.2,59.04
1977-07-29T12:00:00,42435099999,BARMER,25.75,71.383,33.0,991.3,59.27
1977-07-29T18:00:00,42435099999,BARMER,25.75,71.383,29.0,994.1,
1977-07-30T12:00:00,42435099999,BARMER,25.75,71.383,33.0,993.9,59.27
1977-07-31T00:00:00,42435099999,BARMER,25.75,71.383,27.0,992.9,83.68
1977-07-31T03:00:00,42435099999,BARMER,25.75,71.383,27.0,992.9,83.68
1977-07-31T06:00:00,42435099999,BARMER,25.75,71.383,30.0,999.2,70.29
1977-07-31T12:00:00,42435099999,BARMER,25.75,71.383,33.0,996.9,62.93
1977-07-31T18:00:00,42435099999,BARMER,25.75,71.383,30.0,998.7,70.29
1977-08-01T06:00:00,42435099999,BARMER,25.75,71.383,26.0,998.8,94.23
1977-08-02T00:00:00,42435099999,BARMER,25.75,71.383,26.0,997.1,88.76
1977-08-02T03:00:00,42435099999,BARMER,25.75,71.383,26.0,998.5,88.76
1977-08-02T06:00:00,42435099999,BARMER,25.75,71.383,28.0,998.9,78.92
1977-08-02T12:00:00,42435099999,BARMER,25.75,71.383,29.0,995.9,74.47
1977-08-03T00:00:00,42435099999,BARMER,25.75,71.383,25.0,997.1,94.19
1977-08-03T03:00:00,42435099999,BARMER,25.75,71.383,25.0,997.1,94.19
1977-08-03T12:00:00,42435099999,BARMER,25.75,71.383,,995.3,
1977-08-03T18:00:00,42435099999,BARMER,25.75,71.383,29.0,997.0,74.47
1977-08-04T03:00:00,42435099999,BARMER,25.75,71.383,27.0,995.0,83.68
1977-08-04T06:00:00,42435099999,BARMER,25.75,71.383,30.0,995.5,70.29
1977-08-04T12:00:00,42435099999,BARMER,25.75,71.383,34.0,991.5,52.77
1977-08-04T18:00:00,42435099999,BARMER,25.75,71.383,28.0,996.2,83.79
1977-08-05T00:00:00,42435099999,BARMER,25.75,71.383,27.0,994.7,83.68
1977-08-05T03:00:00,42435099999,BARMER,25.75,71.383,27.0,995.8,88.84
1977-08-05T12:00:00,42435099999,BARMER,25.75,71.383,31.0,993.3,66.38
1977-08-06T00:00:00,42435099999,BARMER,25.75,71.383,26.0,995.8,88.76
1977-08-06T06:00:00,42435099999,BARMER,25.75,71.383,30.0,997.3,66.18
1977-08-06T12:00:00,42435099999,BARMER,25.75,71.383,33.0,994.3,59.27
1977-08-07T00:00:00,42435099999,BARMER,25.75,71.383,27.0,997.0,83.68
1977-08-07T03:00:00,42435099999,BARMER,25.75,71.383,28.0,998.4,74.3
1977-08-07T06:00:00,42435099999,BARMER,25.75,71.383,33.0,997.8,59.27
1977-08-07T12:00:00,42435099999,BARMER,25.75,71.383,,995.0,
1977-08-07T18:00:00,42435099999,BARMER,25.75,71.383,28.0,996.7,
1977-08-07T21:00:00,42435099999,BARMER,25.75,71.383,28.0,996.7,83.79
1977-08-08T12:00:00,42435099999,BARMER,25.75,71.383,29.0,992.5,79.06
1977-08-08T18:00:00,42435099999,BARMER,25.75,71.383,25.0,996.8,100.0
1977-08-09T00:00:00,42435099999,BARMER,25.75,71.383,24.0,997.9,100.0
1977-08-09T06:00:00,42435099999,BARMER,25.75,71.383,26.0,1001.6,88.76
1977-08-09T12:00:00,42435099999,BARMER,25.75,71.383,28.0,1000.3,83.79
1977-08-10T00:00:00,42435099999,BARMER,25.75,71.383,25.0,1004.3,88.68
1977-08-10T03:00:00,42435099999,BARMER,25.75,71.383,26.0,1006.4,83.57
1977-08-11T00:00:00,42435099999,BARMER,25.75,71.383,26.0,1004.2,83.57
1977-08-11T03:00:00,42435099999,BARMER,25.75,71.383,26.0,1004.2,83.57
1977-08-12T00:00:00,42435099999,BARMER,25.75,71.383,26.0,1003.4,83.57
1977-08-12T03:00:00,42435099999,BARMER,25.75,71.383,27.0,1004.5,78.78
1977-08-12T06:00:00,42435099999,BARMER,25.75,71.383,31.0,1004.6,62.5
1977-08-12T12:00:00,42435099999,BARMER,25.75,71.383,33.0,1002.7,52.52
1977-08-12T18:00:00,42435099999,BARMER,25.75,71.383,28.0,1002.8,78.92
1977-08-13T00:00:00,42435099999,BARMER,25.75,71.383,25.0,1000.5,88.68
1977-08-13T06:00:00,42435099999,BARMER,25.75,71.383,28.0,1002.0,74.3
1977-08-13T12:00:00,42435099999,BARMER,25.75,71.383,28.0,998.4,83.79
1977-08-13T18:00:00,42435099999,BARMER,25.75,71.383,22.0,996.0,
1977-08-14T00:00:00,42435099999,BARMER,25.75,71.383,26.0,999.8,83.57
1977-08-14T03:00:00,42435099999,BARMER,25.75,71.383,26.0,1001.2,83.57
1977-08-14T06:00:00,42435099999,BARMER,25.75,71.383,29.0,1001.7,70.11
1977-08-15T00:00:00,42435099999,BARMER,25.75,71.383,26.0,1001.6,78.64
1977-08-15T12:00:00,42435099999,BARMER,25.75,71.383,32.0,999.1,59.04
1977-08-16T00:00:00,42435099999,BARMER,25.75,71.383,26.0,1000.5,83.57
1977-08-16T06:00:00,42435099999,BARMER,25.75,71.383,30.0,1001.6,62.28
1977-08-16T12:00:00,42435099999,BARMER,25.75,71.383,32.0,999.1,59.04
1977-08-16T18:00:00,42435099999,BARMER,25.75,71.383,28.0,1001.0,100.0
1977-08-17T00:00:00,42435099999,BARMER,25.75,71.383,26.0,1000.5,78.64
1977-08-17T03:00:00,42435099999,BARMER,25.75,71.383,26.0,1000.5,78.64
1977-08-17T06:00:00,42435099999,BARMER,25.75,71.383,30.0,1001.5,62.28
1977-08-17T12:00:00,42435099999,BARMER,25.75,71.383,33.0,999.3,59.27
1977-08-18T00:00:00,42435099999,BARMER,25.75,71.383,27.0,1001.3,74.14
1977-08-18T06:00:00,42435099999,BARMER,25.75,71.383,31.0,1002.0,62.5
1977-08-18T12:00:00,42435099999,BARMER,25.75,71.383,34.0,999.2,56.05
1977-08-18T18:00:00,42435099999,BARMER,25.75,71.383,27.0,1002.2,78.78
1977-08-19T00:00:00,42435099999,BARMER,25.75,71.383,26.0,1002.8,83.57
1977-08-19T03:00:00,42435099999,BARMER,25.75,71.383,25.0,1003.9,94.19
1977-08-19T06:00:00,42435099999,BARMER,25.75,71.383,33.0,1004.0,55.81
1977-08-19T12:00:00,42435099999,BARMER,25.75,71.383,32.0,1000.7,55.56
1977-08-19T18:00:00,42435099999,BARMER,25.75,71.383,27.0,1003.3,78.78
1977-08-20T00:00:00,42435099999,BARMER,25.75,71.383,26.0,1003.4,83.57
1977-08-20T03:00:00,42435099999,BARMER,25.75,71.383,26.0,1003.4,83.57
1977-08-20T06:00:00,42435099999,BARMER,25.75,71.383,30.0,1004.3,66.18
1977-08-20T12:00:00,42435099999,BARMER,25.75,71.383,34.0,1000.1,52.77
1977-08-20T18:00:00,42435099999,BARMER,25.75,71.383,29.0,1002.0,70.11
1977-08-21T00:00:00,42435099999,BARMER,25.75,71.383,26.0,1000.7,78.64
1977-08-21T06:00:00,42435099999,BARMER,25.75,71.383,29.0,1001.5,70.11
1977-08-21T18:00:00,42435099999,BARMER,25.75,71.383,29.0,1000.7,70.11
1977-08-22T06:00:00,42435099999,BARMER,25.75,71.383,31.0,1002.6,55.32
1977-08-22T12:00:00,42435099999,BARMER,25.75,71.383,33.0,999.6,55.81
1977-08-22T18:00:00,42435099999,BARMER,25.75,71.383,29.0,1002.7,65.98
1977-08-23T00:00:00,42435099999,BARMER,25.75,71.383,25.0,1002.2,83.45
1977-08-23T03:00:00,42435099999,BARMER,25.75,71.383,27.0,1003.7,74.14
1977-08-23T06:00:00,42435099999,BARMER,25.75,71.383,30.0,1003.9,62.28
1977-08-23T12:00:00,42435099999,BARMER,25.75,71.383,34.0,1000.5,49.66
1977-08-23T21:00:00,42435099999,BARMER,25.75,71.383,29.0,1003.0,65.98
1977-08-24T00:00:00,42435099999,BARMER,25.75,71.383,25.0,1002.2,88.68
1977-08-24T03:00:00,42435099999,BARMER,25.75,71.383,27.0,1004.0,74.14
1977-08-24T06:00:00,42435099999,BARMER,25.75,71.383,32.0,1003.7,55.56
1977-08-24T12:00:00,42435099999,BARMER,25.75,71.383,35.0,999.7,46.97
1977-08-24T18:00:00,42435099999,BARMER,25.75,71.383,29.0,1002.0,70.11
1977-08-24T21:00:00,42435099999,BARMER,25.75,71.383,29.0,1002.0,70.11
1977-08-25T00:00:00,42435099999,BARMER,25.75,71.383,26.0,1001.6,88.76
1977-08-25T03:00:00,42435099999,BARMER,25.75,71.383,23.0,1002.5,100.0
1977-08-25T06:00:00,42435099999,BARMER,25.75,71.383,33.0,1000.7,52.52
1977-08-25T12:00:00,42435099999,BARMER,25.75,71.383,36.0,998.2,50.17
1977-08-25T18:00:00,42435099999,BARMER,25.75,71.383,30.0,1001.6,66.18
1977-08-26T00:00:00,42435099999,BARMER,25.75,71.383,27.0,1001.4,83.68
1977-08-26T03:00:00,42435099999,BARMER,25.75,71.383,29.0,1002.7,74.47
1977-08-26T06:00:00,42435099999,BARMER,25.75,71.383,34.0,1002.7,56.05
1977-08-26T09:00:00,42435099999,BARMER,25.75,71.383,29.0,1002.7,74.47
1977-08-26T12:00:00,42435099999,BARMER,25.75,71.383,36.0,998.2,53.26
1977-08-26T18:00:00,42435099999,BARMER,25.75,71.383,31.0,1001.6,70.48
1977-08-27T00:00:00,42435099999,BARMER,25.75,71.383,29.0,1002.3,79.06
1977-08-27T06:00:00,42435099999,BARMER,25.75,71.383,32.0,1003.8,66.58
1977-08-27T12:00:00,42435099999,BARMER,25.75,71.383,34.0,998.2,63.14
1977-08-27T18:00:00,42435099999,BARMER,25.75,71.383,30.0,1000.7,84.01
1977-08-28T00:00:00,42435099999,BARMER,25.75,71.383,27.0,1001.2,88.84
1977-08-28T03:00:00,42435099999,BARMER,25.75,71.383,28.0,1001.5,78.92
1977-08-28T06:00:00,42435099999,BARMER,25.75,71.383,33.0,1001.4,55.81
1977-08-28T18:00:00,42435099999,BARMER,25.75,71.383,30.0,1000.2,70.29
1977-08-29T00:00:00,42435099999,BARMER,25.75,71.383,26.0,1000.0,83.57
1977-08-29T06:00:00,42435099999,BARMER,25.75,71.383,32.0,1001.4,59.04
1977-08-29T18:00:00,42435099999,BARMER,25.75,71.383,29.0,1000.8,79.06
1977-08-30T06:00:00,42435099999,BARMER,25.75,71.383,32.0,1002.6,62.71
1977-08-31T00:00:00,42435099999,BARMER,25.75,71.383,27.0,1001.8,88.84
1977-08-31T06:00:00,42435099999,BARMER,25.75,71.383,34.0,1002.6,52.77
1977-08-31T12:00:00,42435099999,BARMER,25.75,71.383,36.0,998.1,47.23
1977-09-01T03:00:00,42435099999,BARMER,25.75,71.383,29.0,1000.5,74.47
1977-09-01T06:00:00,42435099999,BARMER,25.75,71.383,34.0,1000.1,52.77
1977-09-01T12:00:00,42435099999,BARMER,25.75,71.383,38.0,995.1,33.12
1977-09-01T18:00:00,42435099999,BARMER,25.75,71.383,28.0,999.3,78.92
1977-09-02T00:00:00,42435099999,BARMER,25.75,71.383,25.0,999.4,88.68
1977-09-02T06:00:00,42435099999,BARMER,25.75,71.383,34.0,999.5,56.05
1977-09-03T00:00:00,42435099999,BARMER,25.75,71.383,27.0,998.6,88.84
1977-09-03T03:00:00,42435099999,BARMER,25.75,71.383,30.0,999.7,79.2
1977-09-03T06:00:00,42435099999,BARMER,25.75,71.383,34.0,999.0,52.77
1977-09-03T18:00:00,42435099999,BARMER,25.75,71.383,28.0,998.6,88.92
1977-09-04T00:00:00,42435099999,BARMER,25.75,71.383,27.0,998.4,88.84
1977-09-04T06:00:00,42435099999,BARMER,25.75,71.383,33.0,999.4,62.93
1977-09-04T12:00:00,42435099999,BARMER,25.75,71.383,31.0,996.7,74.79
1977-09-05T00:00:00,42435099999,BARMER,25.75,71.383,25.0,1001.1,94.19
1977-09-05T06:00:00,42435099999,BARMER,25.75,71.383,27.0,1003.6,83.68
1977-09-05T12:00:00,42435099999,BARMER,25.75,71.383,30.0,1000.9,66.18
1977-09-06T00:00:00,42435099999,BARMER,25.75,71.383,25.0,1002.8,94.19
1977-09-06T03:00:00,42435099999,BARMER,25.75,71.383,26.0,1003.7,83.57
1977-09-06T06:00:00,42435099999,BARMER,25.75,71.383,28.0,1004.1,74.3
1977-09-06T12:00:00,42435099999,BARMER,25.75,71.383,31.0,999.1,58.81
1977-09-06T18:00:00,42435099999,BARMER,25.75,71.383,28.0,1002.2,83.79
1977-09-07T00:00:00,42435099999,BARMER,25.75,71.383,25.0,1000.7,100.0
1977-09-07T06:00:00,42435099999,BARMER,25.75,71.383,29.0,1001.9,70.11
1977-09-08T00:00:00,42435099999,BARMER,25.75,71.383,25.0,1000.0,88.68
1977-09-08T06:00:00,42435099999,BARMER,25.75,71.383,29.0,1001.6,65.98
1977-09-08T12:00:00,42435099999,BARMER,25.75,71.383,31.0,998.3,58.81
1977-09-08T18:00:00,42435099999,BARMER,25.75,71.383,27.0,1002.1,
1977-09-09T00:00:00,42435099999,BARMER,25.75,71.383,24.0,1001.5,88.6
1977-09-09T06:00:00,42435099999,BARMER,25.75,71.383,28.0,1003.3,61.84
1977-09-09T12:00:00,42435099999,BARMER,25.75,71.383,32.0,999.5,55.56
1977-09-10T00:00:00,42435099999,BARMER,25.75,71.383,24.0,1002.1,83.34
1977-09-10T06:00:00,42435099999,BARMER,25.75,71.383,30.0,1003.7,58.58
1977-09-10T12:00:00,42435099999,BARMER,25.75,71.383,32.0,1000.6,52.27
1977-09-11T03:00:00,42435099999,BARMER,25.75,71.383,26.0,1003.8,83.57
1977-09-11T06:00:00,42435099999,BARMER,25.75,71.383,31.0,1003.5,58.81
1977-09-11T09:00:00,42435099999,BARMER,25.75,71.383,26.0,1003.8,83.57
1977-09-11T12:00:00,42435099999,BARMER,25.75,71.383,34.0,999.3,46.71
1977-09-11T18:00:00,42435099999,BARMER,25.75,71.383,28.0,1002.4,78.92
1977-09-12T00:00:00,42435099999,BARMER,25.75,71.383,26.0,1001.5,83.57
1977-09-12T03:00:00,42435099999,BARMER,25.75,71.383,26.0,1003.5,83.57
1977-09-12T06:00:00,42435099999,BARMER,25.75,71.383,34.0,1002.9,43.91
1977-09-13T00:00:00,42435099999,BARMER,25.75,71.383,27.0,1001.5,78.78
1977-09-13T03:00:00,42435099999,BARMER,25.75,71.383,27.0,1003.1,74.14
1977-09-13T06:00:00,42435099999,BARMER,25.75,71.383,35.0,1002.5,44.18
1977-09-13T18:00:00,42435099999,BARMER,25.75,71.383,,1006.2,
1977-09-14T00:00:00,42435099999,BARMER,25.75,71.383,27.0,1001.2,69.74
1977-09-14T03:00:00,42435099999,BARMER,25.75,71.383,28.0,1002.4,78.92
1977-09-14T06:00:00,42435099999,BARMER,25.75,71.383,34.0,1002.2,43.91
1977-09-14T18:00:00,42435099999,BARMER,25.75,71.383,31.0,1000.5,58.81
1977-09-15T00:00:00,42435099999,BARMER,25.75,71.383,25.0,1000.7,83.45
1977-09-15T03:00:00,42435099999,BARMER,25.75,71.383,26.0,1002.5,78.64
1977-09-15T06:00:00,42435099999,BARMER,25.75,71.383,32.0,1002.5,84.22
1977-09-15T12:00:00,42435099999,BARMER,25.75,71.383,35.0,999.5,46.97
1977-09-15T18:00:00,42435099999,BARMER,25.75,71.383,28.0,993.4,69.92
1977-09-16T00:00:00,42435099999,BARMER,25.75,71.383,28.0,1003.1,69.92
1977-09-16T03:00:00,42435099999,BARMER,25.75,71.383,26.0,1004.7,78.64
1977-09-16T06:00:00,42435099999,BARMER,25.75,71.383,31.0,1005.3,58.81
1977-09-16T12:00:00,42435099999,BARMER,25.75,71.383,34.0,,49.66
1977-09-16T18:00:00,42435099999,BARMER,25.75,71.383,27.0,1005.3,74.14
1977-09-17T03:00:00,42435099999,BARMER,25.75,71.383,25.0,997.3,78.5
1977-09-17T06:00:00,42435099999,BARMER,25.75,71.383,31.0,1006.6,55.32
1977-09-17T12:00:00,42435099999,BARMER,25.75,71.383,34.0,1003.7,36.39
1977-09-18T00:00:00,42435099999,BARMER,25.75,71.383,24.0,1006.2,83.34
1977-09-18T06:00:00,42435099999,BARMER,25.75,71.383,30.0,1006.8,51.76
1977-09-18T12:00:00,42435099999,BARMER,25.75,71.383,32.0,1003.1,46.18
1977-09-18T18:00:00,42435099999,BARMER,25.75,71.383,27.0,1006.0,65.56
1977-09-19T00:00:00,42435099999,BARMER,25.75,71.383,30.0,1006.0,40.17
1977-09-19T06:00:00,42435099999,BARMER,25.75,71.383,30.0,1007.7,58.58
1977-09-19T15:00:00,42435099999,BARMER,25.75,71.383,31.0,1004.8,62.5
1977-09-20T00:00:00,42435099999,BARMER,25.75,71.383,24.0,1006.7,88.6
1977-09-20T03:00:00,42435099999,BARMER,25.75,71.383,25.0,1008.3,78.5
1977-09-20T06:00:00,42435099999,BARMER,25.75,71.383,31.0,1008.0,52.01
1977-09-20T12:00:00,42435099999,BARMER,25.75,71.383,33.0,1004.7,52.52
1977-09-20T18:00:00,42435099999,BARMER,25.75,71.383,28.0,1007.0,69.92
1977-09-21T00:00:00,42435099999,BARMER,25.75,71.383,24.0,1007.4,88.6
1977-09-21T03:00:00,42435099999,BARMER,25.75,71.383,25.0,1008.9,83.45
1977-09-21T12:00:00,42435099999,BARMER,25.75,71.383,33.0,1005.0,49.4
1977-09-22T00:00:00,42435099999,BARMER,25.75,71.383,24.0,1006.6,
1977-09-22T03:00:00,42435099999,BARMER,25.75,71.383,25.0,1007.8,73.8
1977-09-22T06:00:00,42435099999,BARMER,25.75,71.383,30.0,1007.5,55.08
1977-09-22T12:00:00,42435099999,BARMER,25.75,71.383,34.0,1003.6,38.76
1977-09-23T00:00:00,42435099999,BARMER,25.75,71.383,23.0,1006.7,83.22
1977-09-23T03:00:00,42435099999,BARMER,25.75,71.383,25.0,1008.4,73.8
1977-09-23T06:00:00,42435099999,BARMER,25.75,71.383,30.0,1008.9,55.08
1977-09-23T12:00:00,42435099999,BARMER,25.75,71.383,35.0,1005.9,39.04
1977-09-23T18:00:00,42435099999,BARMER,25.75,71.383,26.0,1009.4,78.64
1977-09-24T00:00:00,42435099999,BARMER,25.75,71.383,24.0,1010.8,88.6
1977-09-24T03:00:00,42435099999,BARMER,25.75,71.383,25.0,1012.2,83.45
1977-09-24T06:00:00,42435099999,BARMER,25.75,71.383,30.0,1012.5,58.58
1977-09-24T12:00:00,42435099999,BARMER,25.75,71.383,34.0,1009.0,46.71
1977-09-25T00:00:00,42435099999,BARMER,25.75,71.383,26.0,1010.5,73.97
1977-09-25T03:00:00,42435099999,BARMER,25.75,71.383,26.0,1012.7,83.57
1977-09-25T06:00:00,42435099999,BARMER,25.75,71.383,34.0,1011.9,49.66
1977-09-25T12:00:00,42435099999,BARMER,25.75,71.383,36.0,1007.3,36.94
1977-09-26T00:00:00,42435099999,BARMER,25.75,71.383,24.0,1008.4,83.34
1977-09-26T18:00:00,42435099999,BARMER,25.75,71.383,31.0,1009.3,48.88
1977-09-27T03:00:00,42435099999,BARMER,25.75,71.383,31.0,1009.0,43.1
1977-09-27T06:00:00,42435099999,BARMER,25.75,71.383,35.0,1008.7,36.67
1977-09-27T18:00:00,42435099999,BARMER,25.75,71.383,33.0,1007.8,29.76
1977-09-28T00:00:00,42435099999,BARMER,25.75,71.383,28.0,1006.7,54.58
1977-09-28T03:00:00,42435099999,BARMER,25.75,71.383,30.0,1008.8,30.93
1977-09-28T06:00:00,42435099999,BARMER,25.75,71.383,36.0,1008.2,23.58
1977-09-28T12:00:00,42435099999,BARMER,25.75,71.383,38.0,1004.4,19.79
1977-09-29T00:00:00,42435099999,BARMER,25.75,71.383,29.0,1006.3,54.83
1977-09-29T06:00:00,42435099999,BARMER,25.75,71.383,36.0,1008.8,34.7
1977-09-29T18:00:00,42435099999,BARMER,25.75,71.383,30.0,1006.9,42.83
1977-09-30T00:00:00,42435099999,BARMER,25.75,71.383,27.0,1007.2,54.33
1977-09-30T03:00:00,42435099999,BARMER,25.75,71.383,30.0,1008.1,48.62
1977-09-30T06:00:00,42435099999,BARMER,25.75,71.383,37.0,1008.6,39.58
1977-09-30T12:00:00,42435099999,BARMER,25.75,71.383,37.0,1004.5,30.84
1977-09-30T18:00:00,42435099999,BARMER,25.75,71.383,29.0,1007.8,39.9
1977-10-01T00:00:00,42435099999,BARMER,25.75,71.383,22.0,1000.7,73.29
1977-10-01T06:00:00,42435099999,BARMER,25.75,71.383,36.0,1007.9,36.94
1977-10-01T18:00:00,42435099999,BARMER,25.75,71.383,30.0,1007.2,45.64
1977-10-02T00:00:00,42435099999,BARMER,25.75,71.383,25.0,1006.9,61.16
1977-10-02T06:00:00,42435099999,BARMER,25.75,71.383,35.0,1007.8,44.18
1977-10-02T12:00:00,42435099999,BARMER,25.75,71.383,37.0,1003.9,34.97
1977-10-02T18:00:00,42435099999,BARMER,25.75,71.383,29.0,1006.8,54.83
1977-10-03T00:00:00,42435099999,BARMER,25.75,71.383,25.0,1007.0,73.8
1977-10-03T03:00:00,42435099999,BARMER,25.75,71.383,28.0,1007.7,69.92
1977-10-03T06:00:00,42435099999,BARMER,25.75,71.383,36.0,1006.9,39.31
1977-10-04T00:00:00,42435099999,BARMER,25.75,71.383,25.0,1005.7,61.16
1977-10-04T03:00:00,42435099999,BARMER,25.75,71.383,27.0,1006.9,54.33
1977-10-04T06:00:00,42435099999,BARMER,25.75,71.383,,1006.3,
1977-10-04T12:00:00,42435099999,BARMER,25.75,71.383,38.0,1003.1,21.14
1977-10-04T18:00:00,42435099999,BARMER,25.75,71.383,29.0,1005.7,51.5
1977-10-05T00:00:00,42435099999,BARMER,25.75,71.383,26.0,1006.3,44.56
1977-10-05T03:00:00,42435099999,BARMER,25.75,71.383,28.0,1008.0,39.62
1977-10-05T06:00:00,42435099999,BARMER,25.75,71.383,26.0,1006.3,44.56
1977-10-05T12:00:00,42435099999,BARMER,25.75,71.383,38.0,1003.7,17.31
1977-10-05T18:00:00,42435099999,BARMER,25.75,71.383,31.0,1007.9,33.32
1977-10-06T00:00:00,42435099999,BARMER,25.75,71.383,27.0,1008.2,54.33
1977-10-06T06:00:00,42435099999,BARMER,25.75,71.383,37.0,1009.8,32.85
1977-10-06T18:00:00,42435099999,BARMER,25.75,71.383,30.0,1000.3,45.64
1977-10-07T00:00:00,42435099999,BARMER,25.75,71.383,28.0,1009.6,42.28
1977-10-07T06:00:00,42435099999,BARMER,25.75,71.383,36.0,1010.3,25.18
1977-10-07T12:00:00,42435099999,BARMER,25.75,71.383,31.0,1009.6,100.0
1977-10-07T18:00:00,42435099999,BARMER,25.75,71.383,31.0,1009.6,100.0
1977-10-08T00:00:00,42435099999,BARMER,25.75,71.383,29.0,1018.9,21.79
1977-10-08T12:00:00,42435099999,BARMER,25.75,71.383,37.0,1006.6,25.44
1977-10-08T18:00:00,42435099999,BARMER,25.75,71.383,30.0,1009.3,30.93
1977-10-09T00:00:00,42435099999,BARMER,25.75,71.383,29.0,1008.9,21.79
1977-10-09T03:00:00,42435099999,BARMER,25.75,71.383,28.0,1011.1,42.28
1977-10-09T06:00:00,42435099999,BARMER,25.75,71.383,36.0,1010.4,23.58
1977-10-09T18:00:00,42435099999,BARMER,25.75,71.383,32.0,1009.9,27.6
1977-10-10T00:00:00,42435099999,BARMER,25.75,71.383,21.0,1011.4,73.11
1977-10-10T03:00:00,42435099999,BARMER,25.75,71.383,24.0,1013.3,64.93
1977-10-10T06:00:00,42435099999,BARMER,25.75,71.383,35.0,1012.8,32.3
1977-10-11T00:00:00,42435099999,BARMER,25.75,71.383,26.0,1012.3,47.55
1977-10-11T03:00:00,42435099999,BARMER,25.75,71.383,29.0,1013.4,42.56
1977-10-11T06:00:00,42435099999,BARMER,25.75,71.383,36.0,1012.3,23.58
1977-10-11T18:00:00,42435099999,BARMER,25.75,71.383,22.0,1012.5,40.6
1977-10-12T00:00:00,42435099999,BARMER,25.75,71.383,25.0,1011.6,36.26
1977-10-12T03:00:00,42435099999,BARMER,25.75,71.383,29.0,1012.7,26.79
1977-10-12T06:00:00,42435099999,BARMER,25.75,71.383,37.0,1012.5,20.9
1977-10-12T18:00:00,42435099999,BARMER,25.75,71.383,33.0,1011.6,15.08
1977-10-13T00:00:00,42435099999,BARMER,25.75,71.383,32.0,1011.4,19.67
1977-10-13T03:00:00,42435099999,BARMER,25.75,71.383,31.0,1013.1,22.31
1977-10-13T06:00:00,42435099999,BARMER,25.75,71.383,38.0,1012.6,13.16
1977-10-13T12:00:00,42435099999,BARMER,25.75,71.383,38.0,1008.5,21.14
1977-10-14T00:00:00,42435099999,BARMER,25.75,71.383,30.0,1010.6,19.18
1977-10-14T03:00:00,42435099999,BARMER,25.75,71.383,27.0,1012.7,32.21
1977-10-14T12:00:00,42435099999,BARMER,25.75,71.383,38.0,1008.1,11.44
1977-10-15T00:00:00,42435099999,BARMER,25.75,71.383,31.0,1009.7,19.43
1977-10-15T06:00:00,42435099999,BARMER,25.75,71.383,,1010.4,
1977-10-15T18:00:00,42435099999,BARMER,25.75,71.383,31.0,1009.1,29.21
1977-10-16T00:00:00,42435099999,BARMER,25.75,71.383,29.0,1008.7,28.66
1977-10-16T03:00:00,42435099999,BARMER,25.75,71.383,31.0,1010.0,15.72
1977-10-16T12:00:00,42435099999,BARMER,25.75,71.383,37.0,1006.5,20.9
1977-10-16T15:00:00,42435099999,BARMER,25.75,71.383,31.0,1009.0,29.21
1977-10-17T03:00:00,42435099999,BARMER,25.75,71.383,23.0,1012.5,64.72
1977-10-17T06:00:00,42435099999,BARMER,25.75,71.383,35.0,1012.4,21.82
1977-10-17T12:00:00,42435099999,BARMER,25.75,71.383,37.0,1009.2,27.14
1977-10-17T18:00:00,42435099999,BARMER,25.75,71.383,31.0,1012.4,35.56
1977-10-18T00:00:00,42435099999,BARMER,25.75,71.383,23.0,1013.7,56.91
1977-10-18T03:00:00,42435099999,BARMER,25.75,71.383,27.0,1015.4,54.33
1977-10-18T06:00:00,42435099999,BARMER,25.75,71.383,37.0,1014.8,32.85
1977-10-18T12:00:00,42435099999,BARMER,25.75,71.383,36.0,1011.6,20.65
1977-10-18T18:00:00,42435099999,BARMER,25.75,71.383,28.0,1014.4,34.73
1977-10-19T00:00:00,42435099999,BARMER,25.75,71.383,23.0,1014.5,46.74
1977-10-19T03:00:00,42435099999,BARMER,25.75,71.383,25.0,1016.3,38.78
1977-10-19T06:00:00,42435099999,BARMER,25.75,71.383,35.0,1015.6,24.92
1977-10-20T00:00:00,42435099999,BARMER,25.75,71.383,21.0,1013.6,46.19
1977-10-20T06:00:00,42435099999,BARMER,25.75,71.383,36.0,1015.1,18.05
1977-10-20T12:00:00,42435099999,BARMER,25.75,71.383,36.0,1010.2,23.58
1977-10-21T00:00:00,42435099999,BARMER,25.75,71.383,30.0,1012.0,25.29
1977-10-21T06:00:00,42435099999,BARMER,25.75,71.383,36.0,1013.5,14.68
1977-10-21T12:00:00,42435099999,BARMER,25.75,71.383,37.0,1011.3,17.08
1977-10-22T03:00:00,42435099999,BARMER,25.75,71.383,30.0,1014.3,28.94
1977-10-22T06:00:00,42435099999,BARMER,25.75,71.383,36.0,1013.6,18.05
1977-10-22T12:00:00,42435099999,BARMER,25.75,71.383,37.0,1009.9,27.14
1977-10-23T00:00:00,42435099999,BARMER,25.75,71.383,26.0,1012.2,39.06
1977-10-23T03:00:00,42435099999,BARMER,25.75,71.383,28.0,1013.5,39.62
1977-10-23T06:00:00,42435099999,BARMER,25.75,71.383,36.0,1012.7,22.08
1977-10-23T12:00:00,42435099999,BARMER,25.75,71.383,36.0,1010.2,28.67
1977-10-24T00:00:00,42435099999,BARMER,25.75,71.383,26.0,1011.1,41.73
1977-10-24T06:00:00,42435099999,BARMER,25.75,71.383,35.0,1011.8,39.04
1977-10-24T12:00:00,42435099999,BARMER,25.75,71.383,36.0,1008.3,34.7
1977-10-25T00:00:00,42435099999,BARMER,25.75,71.383,30.0,1008.7,45.64
1977-10-25T03:00:00,42435099999,BARMER,25.75,71.383,25.0,1010.7,47.28
1977-10-25T06:00:00,42435099999,BARMER,25.75,71.383,35.0,1010.4,36.67
1977-10-25T12:00:00,42435099999,BARMER,25.75,71.383,36.0,1006.4,34.7
1977-10-26T00:00:00,42435099999,BARMER,25.75,71.383,24.0,1008.5,73.63
1977-10-26T03:00:00,42435099999,BARMER,25.75,71.383,25.0,1010.4,65.15
1977-10-26T06:00:00,42435099999,BARMER,25.75,71.383,34.0,1010.1,43.91
1977-10-26T12:00:00,42435099999,BARMER,25.75,71.383,37.0,1006.4,39.58
1977-10-27T00:00:00,42435099999,BARMER,25.75,71.383,23.0,1010.8,78.21
1977-10-27T03:00:00,42435099999,BARMER,25.75,71.383,22.0,1013.1,83.11
1977-10-27T06:00:00,42435099999,BARMER,25.75,71.383,33.0,1013.5,49.4
1977-10-27T12:00:00,42435099999,BARMER,25.75,71.383,36.0,1010.1,10.29
1977-10-27T18:00:00,42435099999,BARMER,25.75,71.383,29.0,1019.7,45.37
1977-10-28T00:00:00,42435099999,BARMER,25.75,71.383,29.0,1012.9,32.77
1977-10-28T03:00:00,42435099999,BARMER,25.75,71.383,25.0,1014.7,53.83
1977-10-28T06:00:00,42435099999,BARMER,25.75,71.383,36.0,1014.3,28.67
1977-10-28T12:00:00,42435099999,BARMER,25.75,71.383,36.0,1011.0,28.67
1977-10-29T12:00:00,42435099999,BARMER,25.75,71.383,27.0,1014.2,39.34
1977-10-29T18:00:00,42435099999,BARMER,25.75,71.383,31.0,,23.88
1977-10-30T00:00:00,42435099999,BARMER,25.75,71.383,29.0,1011.0,32.77
1977-10-30T03:00:00,42435099999,BARMER,25.75,71.383,29.0,1012.5,21.79
1977-10-30T06:00:00,42435099999,BARMER,25.75,71.383,35.0,1012.2,17.81
1977-10-30T12:00:00,42435099999,BARMER,25.75,71.383,35.0,1007.4,23.33
1977-10-30T18:00:00,42435099999,BARMER,25.75,71.383,30.0,1009.9,40.17
1977-10-31T00:00:00,42435099999,BARMER,25.75,71.383,20.0,1012.2,72.94
1977-10-31T03:00:00,42435099999,BARMER,25.75,71.383,21.0,1014.5,73.11
1977-10-31T12:00:00,42435099999,BARMER,25.75,71.383,34.0,1010.4,36.39
1977-10-31T18:00:00,42435099999,BARMER,25.75,71.383,30.0,1013.2,37.66
1977-11-01T00:00:00,42435099999,BARMER,25.75,71.383,22.0,1014.8,53.06
1977-11-01T06:00:00,42435099999,BARMER,25.75,71.383,33.0,1015.8,36.12
1977-11-02T00:00:00,42435099999,BARMER,25.75,71.383,23.0,1010.2,49.93
1977-11-02T03:00:00,42435099999,BARMER,25.75,71.383,23.0,1016.4,46.74
1977-11-02T06:00:00,42435099999,BARMER,25.75,71.383,35.0,1015.5,28.4
1977-11-02T12:00:00,42435099999,BARMER,25.75,71.383,35.0,1012.0,36.67
1977-11-03T00:00:00,42435099999,BARMER,25.75,71.383,30.0,1011.4,45.64
1977-11-03T03:00:00,42435099999,BARMER,25.75,71.383,20.0,,
1977-11-03T06:00:00,42435099999,BARMER,25.75,71.383,36.0,1012.7,36.94
1977-11-03T18:00:00,42435099999,BARMER,25.75,71.383,29.0,1011.6,39.9
1977-11-04T03:00:00,42435099999,BARMER,25.75,71.383,24.0,1012.6,60.93
1977-11-04T06:00:00,42435099999,BARMER,25.75,71.383,20.0,,26.18
1977-11-04T12:00:00,42435099999,BARMER,25.75,71.383,26.0,1007.0,47.55
1977-11-04T18:00:00,42435099999,BARMER,25.75,71.383,30.0,1009.8,33.05
1977-11-05T00:00:00,42435099999,BARMER,25.75,71.383,26.0,1009.4,44.56
1977-11-05T06:00:00,42435099999,BARMER,25.75,71.383,27.0,1011.7,44.83
1977-11-06T12:00:00,42435099999,BARMER,25.75,71.383,35.0,1009.2,23.33
1977-11-07T00:00:00,42435099999,BARMER,25.75,71.383,20.0,1012.6,64.07
1977-11-07T03:00:00,42435099999,BARMER,25.75,71.383,21.0,1014.0,68.58
1977-11-07T06:00:00,42435099999,BARMER,25.75,71.383,34.0,1013.2,32.03
1977-11-07T12:00:00,42435099999,BARMER,25.75,71.383,29.0,1010.3,37.38
1977-11-07T18:00:00,42435099999,BARMER,25.75,71.383,28.0,1011.5,45.1
1977-11-08T00:00:00,42435099999,BARMER,25.75,71.383,27.0,1010.5,36.82
1977-11-08T03:00:00,42435099999,BARMER,25.75,71.383,21.0,,82.99
1977-11-08T06:00:00,42435099999,BARMER,25.75,71.383,30.0,1012.4,48.62
1977-11-08T12:00:00,42435099999,BARMER,25.75,71.383,32.0,1008.6,35.84
1977-11-09T00:00:00,42435099999,BARMER,25.75,71.383,18.0,1012.1,67.97
1977-11-09T03:00:00,42435099999,BARMER,25.75,71.383,21.0,1013.9,68.58
1977-11-09T06:00:00,42435099999,BARMER,25.75,71.383,30.0,1013.7,42.83
1977-11-09T12:00:00,42435099999,BARMER,25.75,71.383,22.0,1010.3,64.5
1977-11-10T00:00:00,42435099999,BARMER,25.75,71.383,21.0,1013.3,46.19
1977-11-10T03:00:00,42435099999,BARMER,25.75,71.383,21.0,1015.1,52.8
1977-11-10T18:00:00,42435099999,BARMER,25.75,71.383,25.0,1013.3,29.55
1977-11-11T00:00:00,42435099999,BARMER,25.75,71.383,21.0,1012.9,46.19
1977-11-11T03:00:00,42435099999,BARMER,25.75,71.383,21.0,1014.6,40.32
1977-11-11T06:00:00,42435099999,BARMER,25.75,71.383,30.0,1013.7,30.93
1977-11-12T00:00:00,42435099999,BARMER,25.75,71.383,22.0,1013.4,37.92
1977-11-12T03:00:00,42435099999,BARMER,25.75,71.383,21.0,1015.1,40.32
1977-11-12T12:00:00,42435099999,BARMER,25.75,71.383,31.0,1010.4,25.55
1977-11-13T03:00:00,42435099999,BARMER,25.75,71.383,21.0,1014.4,37.64
1977-11-13T06:00:00,42435099999,BARMER,25.75,71.383,38.0,1013.5,19.79
1977-11-13T12:00:00,42435099999,BARMER,25.75,71.383,31.0,1010.0,33.32
1977-11-14T03:00:00,42435099999,BARMER,25.75,71.383,20.0,1015.1,
1977-11-14T12:00:00,42435099999,BARMER,25.75,71.383,32.0,1011.5,38.21
1977-11-14T18:00:00,42435099999,BARMER,25.75,71.383,24.0,1014.4,47.01
1977-11-15T00:00:00,42435099999,BARMER,25.75,71.383,21.0,1013.8,46.19
1977-11-15T03:00:00,42435099999,BARMER,25.75,71.383,20.0,1015.5,56.16
1977-11-15T06:00:00,42435099999,BARMER,25.75,71.383,31.0,1013.9,37.94
1977-11-16T03:00:00,42435099999,BARMER,25.75,71.383,21.0,1012.7,52.8
1977-11-16T06:00:00,42435099999,BARMER,25.75,71.383,31.0,,37.94
1977-11-16T12:00:00,42435099999,BARMER,25.75,71.383,31.0,1008.2,43.1
1977-11-17T00:00:00,42435099999,BARMER,25.75,71.383,10.0,1010.3,100.0
1977-11-17T03:00:00,42435099999,BARMER,25.75,71.383,19.0,1012.2,55.91
1977-11-18T00:00:00,42435099999,BARMER,25.75,71.383,19.0,1010.5,48.86
1977-11-18T03:00:00,42435099999,BARMER,25.75,71.383,19.0,1012.3,52.28
1977-11-18T06:00:00,42435099999,BARMER,25.75,71.383,29.0,1011.7,25.02
1977-11-18T12:00:00,42435099999,BARMER,25.75,71.383,29.0,1009.0,26.79
1977-11-18T18:00:00,42435099999,BARMER,25.75,71.383,27.0,1011.3,32.21
1977-11-19T00:00:00,42435099999,BARMER,25.75,71.383,22.0,1011.1,56.66
1977-11-19T12:00:00,42435099999,BARMER,25.75,71.383,,993.3,
1977-11-20T00:00:00,42435099999,BARMER,25.75,71.383,18.0,1012.6,52.01
1977-11-20T06:00:00,42435099999,BARMER,25.75,71.383,27.0,1013.9,42.01
1977-11-21T00:00:00,42435099999,BARMER,25.75,71.383,16.0,1013.2,63.17
1977-11-21T03:00:00,42435099999,BARMER,25.75,71.383,18.0,1014.9,55.66
1977-11-21T06:00:00,42435099999,BARMER,25.75,71.383,18.0,1014.9,29.66
1977-11-21T12:00:00,42435099999,BARMER,25.75,71.383,29.0,1009.6,26.79
1977-11-21T15:00:00,42435099999,BARMER,25.75,71.383,24.0,1012.0,35.97
1977-11-22T00:00:00,42435099999,BARMER,25.75,71.383,24.0,1012.0,35.97
1977-11-22T03:00:00,42435099999,BARMER,25.75,71.383,18.0,1014.6,48.58
1977-11-22T06:00:00,42435099999,BARMER,25.75,71.383,27.0,1013.9,36.82
1977-11-22T12:00:00,42435099999,BARMER,25.75,71.383,28.0,1009.9,34.73
1977-11-22T18:00:00,42435099999,BARMER,25.75,71.383,21.0,1013.1,46.19
1977-11-23T00:00:00,42435099999,BARMER,25.75,71.383,18.0,1012.8,42.31
1977-11-23T03:00:00,42435099999,BARMER,25.75,71.383,17.0,1014.5,51.75
1977-11-23T06:00:00,42435099999,BARMER,25.75,71.383,27.0,,39.34
1977-11-23T12:00:00,42435099999,BARMER,25.75,71.383,28.0,1009.6,32.49
1977-11-23T18:00:00,42435099999,BARMER,25.75,71.383,21.0,1012.5,37.64
1977-11-24T00:00:00,42435099999,BARMER,25.75,71.383,18.0,1011.9,45.35
1977-11-24T03:00:00,42435099999,BARMER,25.75,71.383,19.0,1013.6,45.63
1977-11-24T06:00:00,42435099999,BARMER,25.75,71.383,26.0,1013.5,41.73
1977-11-24T12:00:00,42435099999,BARMER,25.75,71.383,24.0,1016.1,50.2
1977-11-25T00:00:00,42435099999,BARMER,25.75,71.383,19.0,1013.2,52.28
1977-11-25T03:00:00,42435099999,BARMER,25.75,71.383,19.0,1015.1,52.28
1977-11-25T12:00:00,42435099999,BARMER,25.75,71.383,29.0,1011.4,32.77
1977-11-25T18:00:00,42435099999,BARMER,25.75,71.383,23.0,1014.0,40.89
1977-11-26T00:00:00,42435099999,BARMER,25.75,71.383,20.0,1013.9,42.88
1977-11-26T03:00:00,42435099999,BARMER,25.75,71.383,20.0,1011.6,45.91
1977-11-26T06:00:00,42435099999,BARMER,25.75,71.383,28.0,1015.7,32.49
1977-11-26T12:00:00,42435099999,BARMER,25.75,71.383,30.0,1011.5,37.66
1977-11-27T00:00:00,42435099999,BARMER,25.75,71.383,19.0,1013.8,45.63
1977-11-27T03:00:00,42435099999,BARMER,25.75,71.383,18.0,1015.5,48.58
1977-11-27T06:00:00,42435099999,BARMER,25.75,71.383,27.0,1014.5,34.45
1977-11-27T12:00:00,42435099999,BARMER,25.75,71.383,30.0,1011.4,27.06
1977-11-28T00:00:00,42435099999,BARMER,25.75,71.383,20.0,1013.2,82.87
1977-11-28T12:00:00,42435099999,BARMER,25.75,71.383,29.0,1010.7,42.56
1977-11-29T00:00:00,42435099999,BARMER,25.75,71.383,21.0,1011.6,68.58
1977-11-29T03:00:00,42435099999,BARMER,25.75,71.383,18.0,1013.8,77.46
1977-11-29T06:00:00,42435099999,BARMER,25.75,71.383,29.0,1013.2,28.66
1977-11-29T12:00:00,42435099999,BARMER,25.75,71.383,30.0,1010.1,19.18
1977-11-29T18:00:00,42435099999,BARMER,25.75,71.383,23.0,1013.2,27.01
1977-11-30T00:00:00,42435099999,BARMER,25.75,71.383,28.0,1014.7,28.39
1977-11-30T06:00:00,42435099999,BARMER,25.75,71.383,25.0,1018.0,31.65
1977-11-30T12:00:00,42435099999,BARMER,25.75,71.383,26.0,1015.9,24.22
1977-12-01T00:00:00,42435099999,BARMER,25.75,71.383,13.0,1020.2,58.3
1977-12-01T03:00:00,42435099999,BARMER,25.75,71.383,13.0,1021.0,62.48
1977-12-01T06:00:00,42435099999,BARMER,25.75,71.383,23.0,1021.1,38.21
1977-12-02T00:00:00,42435099999,BARMER,25.75,71.383,13.0,1019.4,54.36
1977-12-02T03:00:00,42435099999,BARMER,25.75,71.383,13.0,1021.4,58.3
1977-12-02T06:00:00,42435099999,BARMER,25.75,71.383,22.0,1020.2,35.4
1977-12-02T12:00:00,42435099999,BARMER,25.75,71.383,25.0,1017.1,27.57
1977-12-03T00:00:00,42435099999,BARMER,25.75,71.383,14.0,1018.8,44.21
1977-12-03T03:00:00,42435099999,BARMER,25.75,71.383,15.0,1020.7,41.45
1977-12-03T06:00:00,42435099999,BARMER,25.75,71.383,24.0,1019.8,29.27
1977-12-03T12:00:00,42435099999,BARMER,25.75,71.383,27.0,1015.9,18.45
1977-12-03T18:00:00,42435099999,BARMER,25.75,71.383,20.0,1018.2,28.14
1977-12-04T03:00:00,42435099999,BARMER,25.75,71.383,17.0,1020.3,36.48
1977-12-04T06:00:00,42435099999,BARMER,25.75,71.383,25.0,1019.1,27.57
1977-12-04T12:00:00,42435099999,BARMER,25.75,71.383,27.0,1015.0,19.82
1977-12-05T00:00:00,42435099999,BARMER,25.75,71.383,15.0,1016.8,35.9
1977-12-05T03:00:00,42435099999,BARMER,25.75,71.383,15.0,1017.4,44.5
1977-12-05T06:00:00,42435099999,BARMER,25.75,71.383,24.0,1017.0,25.43
1977-12-05T12:00:00,42435099999,BARMER,25.75,71.383,27.0,1012.4,21.28
1977-12-05T18:00:00,42435099999,BARMER,25.75,71.383,29.0,1014.3,21.79
1977-12-06T00:00:00,42435099999,BARMER,25.75,71.383,12.0,1014.2,54.1
1977-12-06T06:00:00,42435099999,BARMER,25.75,71.383,25.0,1015.8,31.65
1977-12-06T12:00:00,42435099999,BARMER,25.75,71.383,27.0,1014.2,30.1
1977-12-06T15:00:00,42435099999,BARMER,25.75,71.383,16.0,1016.6,41.74
1977-12-07T00:00:00,42435099999,BARMER,25.75,71.383,14.0,1014.5,41.16
1977-12-07T03:00:00,42435099999,BARMER,25.75,71.383,15.0,1015.9,51.21
1977-12-07T06:00:00,42435099999,BARMER,25.75,71.383,27.0,1015.2,32.21
1977-12-07T12:00:00,42435099999,BARMER,25.75,71.383,27.0,1011.8,32.21
1977-12-07T18:00:00,42435099999,BARMER,25.75,71.383,19.0,1014.6,39.75
1977-12-08T03:00:00,42435099999,BARMER,25.75,71.383,13.0,1016.1,43.93
1977-12-08T06:00:00,42435099999,BARMER,25.75,71.383,24.0,1016.1,33.6
1977-12-09T00:00:00,42435099999,BARMER,25.75,71.383,13.0,1014.4,50.66
1977-12-09T03:00:00,42435099999,BARMER,25.75,71.383,16.0,1016.1,41.74
1977-12-09T06:00:00,42435099999,BARMER,25.75,71.383,24.0,1016.9,31.37
1977-12-09T12:00:00,42435099999,BARMER,25.75,71.383,30.0,1012.2,40.17
1977-12-10T06:00:00,42435099999,BARMER,25.75,71.383,25.0,1015.6,44.28
1977-12-10T12:00:00,42435099999,BARMER,25.75,71.383,24.0,1011.7,60.93
1977-12-10T18:00:00,42435099999,BARMER,25.75,71.383,24.0,1014.4,57.15
1977-12-11T00:00:00,42435099999,BARMER,25.75,71.383,21.0,1014.0,60.24
1977-12-11T03:00:00,42435099999,BARMER,25.75,71.383,15.0,1016.5,77.0
1977-12-11T06:00:00,42435099999,BARMER,25.75,71.383,28.0,1016.4,58.11
1977-12-11T18:00:00,42435099999,BARMER,25.75,71.383,,1015.6,
1977-12-12T00:00:00,42435099999,BARMER,25.75,71.383,15.0,1017.1,77.0
1977-12-12T03:00:00,42435099999,BARMER,25.75,71.383,18.0,1018.5,72.58
1977-12-12T06:00:00,42435099999,BARMER,25.75,71.383,26.0,1018.9,50.73
1977-12-12T12:00:00,42435099999,BARMER,25.75,71.383,28.0,1015.1,34.73
1977-12-13T00:00:00,42435099999,BARMER,25.75,71.383,18.0,1017.0,55.66
1977-12-13T03:00:00,42435099999,BARMER,25.75,71.383,18.0,1018.6,55.66
1977-12-13T06:00:00,42435099999,BARMER,25.75,71.383,25.0,1018.7,44.28
1977-12-13T12:00:00,42435099999,BARMER,25.75,71.383,28.0,1014.5,34.73
1977-12-14T00:00:00,42435099999,BARMER,25.75,71.383,18.0,1016.0,45.35
1977-12-14T03:00:00,42435099999,BARMER,25.75,71.383,15.0,1018.6,62.95
1977-12-14T06:00:00,42435099999,BARMER,25.75,71.383,25.0,1017.5,31.65
1977-12-14T12:00:00,42435099999,BARMER,25.75,71.383,28.0,1013.2,34.73
1977-12-14T18:00:00,42435099999,BARMER,25.75,71.383,,1015.7,
1977-12-15T06:00:00,42435099999,BARMER,25.75,71.383,25.0,1016.2,36.26
1977-12-15T12:00:00,42435099999,BARMER,25.75,71.383,29.0,1013.9,37.38
1977-12-16T00:00:00,42435099999,BARMER,25.75,71.383,13.0,1018.0,62.48
1977-12-16T03:00:00,42435099999,BARMER,25.75,71.383,12.0,1019.4,62.25
1977-12-16T06:00:00,42435099999,BARMER,25.75,71.383,20.0,,26.18
1977-12-16T12:00:00,42435099999,BARMER,25.75,71.383,28.0,1016.9,45.1
1977-12-16T21:00:00,42435099999,BARMER,25.75,71.383,18.0,1018.0,48.58
1977-12-17T03:00:00,42435099999,BARMER,25.75,71.383,16.0,1021.1,55.14
1977-12-17T06:00:00,42435099999,BARMER,25.75,71.383,25.0,1020.1,41.45
1977-12-17T12:00:00,42435099999,BARMER,25.75,71.383,27.0,1016.9,47.82
1977-12-17T18:00:00,42435099999,BARMER,25.75,71.383,17.0,1019.1,55.4
1977-12-18T00:00:00,42435099999,BARMER,25.75,71.383,15.0,1017.4,58.79
1977-12-18T12:00:00,42435099999,BARMER,25.75,71.383,29.0,1013.5,37.38
1977-12-19T03:00:00,42435099999,BARMER,25.75,71.383,15.0,1017.2,82.26
1977-12-20T03:00:00,42435099999,BARMER,25.75,71.383,15.0,1018.7,41.45
1977-12-20T06:00:00,42435099999,BARMER,25.75,71.383,23.0,1018.5,35.69
1977-12-20T18:00:00,42435099999,BARMER,25.75,71.383,18.0,1018.2,25.63
1977-12-21T03:00:00,42435099999,BARMER,25.75,71.383,13.0,1020.2,66.93
1977-12-21T12:00:00,42435099999,BARMER,25.75,71.383,26.0,1016.2,16.93
1977-12-21T18:00:00,42435099999,BARMER,25.75,71.383,18.0,1019.7,42.31
1977-12-22T00:00:00,42435099999,BARMER,25.75,71.383,14.0,1019.2,62.72
1977-12-22T06:00:00,42435099999,BARMER,25.75,71.383,21.0,1020.4,46.19
1977-12-22T12:00:00,42435099999,BARMER,25.75,71.383,25.0,1016.1,100.0
1977-12-23T12:00:00,42435099999,BARMER,25.75,71.383,23.0,1015.3,43.73
1977-12-24T00:00:00,42435099999,BARMER,25.75,71.383,15.0,1016.0,44.5
1977-12-24T03:00:00,42435099999,BARMER,25.75,71.383,13.0,1018.1,58.3
1977-12-24T06:00:00,42435099999,BARMER,25.75,71.383,23.0,1018.1,33.32
1977-12-24T12:00:00,42435099999,BARMER,25.75,71.383,27.0,1014.0,28.12
1977-12-25T03:00:00,42435099999,BARMER,25.75,71.383,18.0,1016.1,55.66
1977-12-25T06:00:00,42435099999,BARMER,25.75,71.383,26.0,1015.6,24.22
1977-12-25T12:00:00,42435099999,BARMER,25.75,71.383,28.0,1010.9,42.28
1977-12-26T00:00:00,42435099999,BARMER,25.75,71.383,17.0,1011.5,67.77
1977-12-26T03:00:00,42435099999,BARMER,25.75,71.383,16.0,1012.7,67.56
1977-12-26T12:00:00,42435099999,BARMER,25.75,71.383,24.0,1009.2,41.17
1977-12-27T00:00:00,42435099999,BARMER,25.75,71.383,11.0,1012.7,57.8
1977-12-27T03:00:00,42435099999,BARMER,25.75,71.383,11.0,1013.6,62.02
1977-12-27T09:00:00,42435099999,BARMER,25.75,71.383,20.0,,45.91
1977-12-27T12:00:00,42435099999,BARMER,25.75,71.383,22.0,1010.0,35.4
1977-12-27T18:00:00,42435099999,BARMER,25.75,71.383,12.0,1013.2,37.7
1977-12-28T00:00:00,42435099999,BARMER,25.75,71.383,10.0,1013.2,57.54
1977-12-28T06:00:00,42435099999,BARMER,25.75,71.383,17.0,1015.6,42.03
1977-12-28T12:00:00,42435099999,BARMER,25.75,71.383,21.0,1013.1,30.52
1977-12-28T18:00:00,42435099999,BARMER,25.75,71.383,13.0,1016.8,38.0
1977-12-29T00:00:00,42435099999,BARMER,25.75,71.383,9.0,1016.1,66.07
1977-12-29T03:00:00,42435099999,BARMER,25.75,71.383,9.0,1017.8,76.03
1977-12-29T06:00:00,42435099999,BARMER,25.75,71.383,17.0,1017.9,55.4
1977-12-29T12:00:00,42435099999,BARMER,25.75,71.383,20.0,1013.8,37.35
1977-12-29T18:00:00,42435099999,BARMER,25.75,71.383,12.0,1016.6,50.39
1977-12-30T00:00:00,42435099999,BARMER,25.75,71.383,9.0,1016.8,66.07
1977-12-30T03:00:00,42435099999,BARMER,25.75,71.383,,1011.9,
1977-12-30T12:00:00,42435099999,BARMER,25.75,71.383,21.0,1015.2,40.32
1977-12-30T18:00:00,42435099999,BARMER,25.75,71.383,13.0,1018.0,58.3
1977-12-31T00:00:00,42435099999,BARMER,25.75,71.383,12.0,1017.7,54.1
1977-12-31T03:00:00,42435099999,BARMER,25.75,71.383,13.0,1019.9,50.66
1977-12-31T06:00:00,42435099999,BARMER,25.75,71.383,20.0,1020.4,34.83
1977-12-31T12:00:00,42435099999,BARMER,25.75,71.383,22.0,1017.1,33.03
1977-12-31T18:00:00,42435099999,BARMER,25.75,71.383,15.0,1020.0,47.75
