STATION_ID,USAF,WBAN,STATION_NAME,CTRY,STATE,LATITUDE,LONGITUDE,ELEVATION_M,BEGIN_DATE,END_DATE
43025099999,430250,99999,ADILABAD,IN,,19.65,78.533,269.0,19851202,20250824
42724099999,427240,99999,AGARTALA,IN,,23.887,91.24,14.0,19450110,20250824
42260099999,422600,99999,AGRA,IN,,27.156,77.961,167.9,19420824,20250824
43009099999,430090,99999,AHMADNAGAR,IN,,19.083,74.8,657.0,19440101,20250824
42647099999,426470,99999,AHMEDABAD / SARDAR VALLABHBHAI PATEL INTL,IN,,23.077,72.635,57.6,19440101,20250824
42343099999,423430,99999,AJMER,IN,,26.45,74.617,486.0,19440101,20250824
42933099999,429330,99999,AKOLA,IN,,20.7,77.033,282.0,19440101,20250824
42262099999,422620,99999,ALIGARH,IN,,27.883,78.067,187.0,19730101,20250824
42255099999,422550,99999,ALWAR,IN,,27.5,76.583,271.0,19730101,20250824
42103099999,421030,99999,AMBALA,IN,,30.383,76.767,272.0,19440101,20250824
42693099999,426930,99999,AMBIKAPUR,IN,,23.167,83.25,611.0,19730101,20250824
42937099999,429370,99999,AMRAOTI,IN,,20.933,77.783,370.0,19440101,20250824
42834099999,428340,99999,AMRELI,IN,,21.6,71.217,115.0,19740517,20250824
42071099999,420710,99999,AMRITSAR,IN,,31.71,74.797,230.4,19730101,20250824
42969099999,429690,99999,ANGUL,IN,,20.833,85.1,139.0,19730101,20250824
43271099999,432710,99999,AROGYAVARAM,IN,,13.533,78.5,701.0,19730101,20250824
43348099999,433480,99999,ATIRAMAPATTINAM,IN,,10.333,79.383,6.0,20030727,20250824
43014099999,430140,99999,AURANGABAD,IN,,19.863,75.398,582.5,19730101,20250824
42374099999,423740,99999,AYODHA,IN,,26.748,82.163,100.0,20020203,20250824
42714099999,427140,99999,BAGATI,IN,,22.983,88.367,12.0,19801206,20250824
42398099999,423980,99999,BAGDOGRA,IN,,26.681,88.329,125.6,19570618,20250824
42273099999,422730,99999,BAHRAICH,IN,,27.567,81.6,124.0,19440101,20250824
42895099999,428950,99999,BALASORE,IN,,21.517,86.933,20.0,19440101,20250824
42506099999,425060,99999,BALURGHAT,IN,,25.217,88.783,26.0,20151207,20250824
42473099999,424730,99999,BANDA,IN,,25.467,80.367,121.0,20040902,20250824
43295099999,432950,99999,BANGALORE,IN,,12.967,77.583,921.0,19730101,20250824
43302599999,433025,99999,BANGALORE / HAL AIRPORT BENGALURU,IN,,12.95,77.668,887.6,20050507,20250824
42705699999,427056,99999,BANGALURU INTL AIRPORT / KEMPEGOWDA INTL,IN,,13.2,77.7,915.0,20080721,20250824
42045099999,420450,99999,BANIHAL,IN,,33.5,75.167,1630.0,20021023,20250824
42706099999,427060,99999,BANKURA,IN,,23.383,87.083,100.0,20050225,20250824
43220099999,432200,99999,BAPATLA,IN,,15.9,80.467,6.0,19790416,20250824
43069099999,430690,99999,BARAMATI,IN,,18.15,74.583,551.0,19840213,20250824
42189099999,421890,99999,BAREILLY,IN,,28.422,79.451,176.8,19440101,20250824
42894099999,428940,99999,BARIPADA,IN,,21.933,86.767,54.0,20090205,20250824
42435099999,424350,99999,BARMER,IN,,25.75,71.383,194.0,19440101,20250824
42279099999,422790,99999,BASTI,IN,,26.8,82.733,89.0,20160804,20250824
43128099999,431280,99999,BEGUMPET AIRPORT / HYDERABAD INTL,IN,,17.452,78.461,531.0,19440101,20250824
42807099999,428070,99999,BEHALA,IN,,22.505,88.293,2.4,19440331,20250824
43198099999,431980,99999,BELGAUM,IN,,15.859,74.618,758.0,19730101,20250824
43197199999,431971,99999,BELGAUM AIRPORT / BELAGAVI,IN,,15.85,74.617,747.0,20151207,20250824
42603099999,426030,99999,BERHAMPORE,IN,,24.133,88.267,19.0,19440101,20250824
42860099999,428600,99999,BETUL,IN,,21.867,77.933,653.0,19730101,20250824
43136099999,431360,99999,BHADRACHALAM,IN,,17.667,80.883,54.0,19730104,20250824
42498099999,424980,99999,BHAGALPUR,IN,,25.233,86.95,49.0,19570102,20250824
42838099999,428380,99999,BHAUNAGAR,IN,,21.75,72.2,5.0,19730102,20250824
42080199999,420801,99999,BHAVNAGAR,IN,,21.752,72.185,13.4,20110129,20250824
43042099999,430420,99999,BHAWANIPATNA,IN,,19.917,83.183,261.0,19810103,20250824
42447099999,424470,99999,BHILWARA,IN,,25.35,74.633,425.0,20020917,20250824
42667099999,426670,99999,BHOPAL / RAJA BHOJ,IN,,23.287,77.337,524.0,19440101,20250824
42971099999,429710,99999,BHUBANESHWAR / BIJU PATNAIK INTL,IN,,20.244,85.818,42.1,19570102,20250824
42634099999,426340,99999,BHUJ,IN,,23.288,69.67,81.7,19440101,20250824
42081099999,420810,99999,BHUNTAR,IN,,31.833,77.167,1084.0,20020903,20250824
43125099999,431250,99999,BIDAR,IN,,17.917,77.533,663.0,19440701,20250824
43161099999,431610,99999,BIJAPUR,IN,,16.817,75.717,594.0,19440101,20250824
42165099999,421650,99999,BIKANER,IN,,28.0,73.3,224.0,19440101,20250824
42782099999,427820,99999,BILASPUR,IN,,21.988,82.111,274.0,20110724,20250824
43011099999,430110,99999,BIR,IN,,19.0,75.717,519.0,20020317,20250824
42701099999,427010,99999,BIRSA MUNDA,IN,,23.314,85.322,654.7,19440101,20250824
43057099999,430570,99999,BOMBAY / COLABA,IN,,18.9,72.817,11.0,20041228,20250824
42946099999,429460,99999,BRAMHAPURI,IN,,20.6,79.85,229.0,19831018,20250824
42931099999,429310,99999,BULDANA,IN,,20.533,76.233,650.0,19730101,20250824
42709099999,427090,99999,BURDWAN,IN,,23.233,87.85,30.0,19440101,20250824
42705599999,427055,99999,CALICUT,IN,,11.137,75.955,104.2,20100125,20250824
42812099999,428120,99999,CANNING,IN,,22.25,88.667,4.0,20090205,20250824
43315099999,433150,99999,CANNUR,IN,,11.833,75.333,18.0,19771015,20250824
43367099999,433670,99999,CAR NICOBAR,IN,,9.167,92.833,10.0,19730101,20250824
42795099999,427950,99999,CHAIBASA,IN,,22.55,85.817,226.0,19440101,20250824
42973099999,429730,99999,CHANDBALI,IN,,20.783,86.733,6.0,19440101,20250824
42105099999,421050,99999,CHANDIGARH(IAFB),IN,,30.733,76.883,347.0,19740101,20250824
43029099999,430290,99999,CHANDRAPUR,IN,,19.967,79.3,193.0,19440101,20250824
42414099999,424140,99999,CHAPARMUKH,IN,,26.2,92.517,66.0,19730103,20250824
42488099999,424880,99999,CHAPRA,IN,,25.783,84.733,58.0,20051019,20250824
43279099999,432790,99999,CHENNAI INTL,IN,,12.994,80.181,15.8,19440101,20250824
42515099999,425150,99999,CHERRAPUNJI,IN,,25.25,91.733,1313.0,19440101,20250824
43003099999,430030,99999,CHHATRAPATI SHIVAJI MAHARAJ INTL,IN,,19.089,72.868,11.3,19440101,20250824
42768099999,427680,99999,CHHINDWARA,IN,,22.1,79.0,685.0,20020814,20250824
43272099999,432720,99999,CHINTAMANI,IN,,13.2,78.067,857.0,20151208,20250824
43233099999,432330,99999,CHITRADURGA,IN,,14.233,76.433,733.0,19440101,20250824
42546099999,425460,99999,CHITTORGARH,IN,,24.883,74.633,404.0,20090205,20250824
42170099999,421700,99999,CHURU,IN,,28.25,74.917,291.0,19730101,20250824
43353099999,433530,99999,COCHIN,IN,,9.946,76.272,2.4,19440101,20250824
43321099999,433210,99999,COIMBATORE,IN,,11.031,77.044,403.6,19730101,20250824
42900099999,429000,99999,CONTAI,IN,,21.783,87.75,11.0,20020314,20250824
42403099999,424030,99999,COOCH BEHAR,IN,,26.333,89.467,43.0,19430220,20250824
43318099999,433180,99999,COONOOR,IN,,11.35,76.8,1747.0,19860214,20250824
43329099999,433290,99999,CUDDALORE,IN,,11.767,79.767,12.0,19440101,20250824
43241099999,432410,99999,CUDDAPAH,IN,,14.483,78.833,130.0,19440101,20250824
42970099999,429700,99999,CUTTACK,IN,,20.467,85.933,27.0,19440101,20250824
43150099999,431500,99999,CWC VISHAKHAPATNAM/WALTAIR,IN,,17.7,83.3,66.0,19440101,20250824
43001099999,430010,99999,DAHANU,IN,,19.967,72.717,5.0,19440101,20250824
42587099999,425870,99999,DALTONGANJ,IN,,24.05,84.067,221.0,19440101,20250824
42916099999,429160,99999,DAMAN,IN,,20.417,72.85,12.0,19780110,20250824
42674099999,426740,99999,DAMOH,IN,,23.833,79.45,371.0,20040603,20250824
42391099999,423910,99999,DARBHANGA,IN,,26.167,85.9,49.0,19440101,20250824
42460099999,424600,99999,DATIA,IN,,25.667,78.467,229.0,20020417,20250824
43230099999,432300,99999,DAVANGERE,IN,,14.5,75.917,620.0,20151208,20250824
42539099999,425390,99999,DEESA,IN,,24.2,72.2,136.0,19440101,20250824
42111099999,421110,99999,DEHRADUN,IN,,30.317,78.033,682.0,19440101,20250824
42588099999,425880,99999,DEHRI,IN,,24.917,84.183,107.0,19730101,20250824
42754099999,427540,99999,DEVI AHILYABAI HOLKAR,IN,,22.722,75.801,563.9,19440101,20250824
43301099999,433010,99999,DHARMAPURI,IN,,12.133,78.033,396.0,19771125,20250824
42062099999,420620,99999,DHARMSALA,IN,,32.267,76.383,1211.0,19730101,20250824
43200099999,432000,99999,DHARWAD,IN,,15.483,74.983,678.0,20151208,20250824
42404099999,424040,99999,DHUBRI,IN,,26.017,89.983,36.0,19440101,20250824
42811099999,428110,99999,DIAMOND HARBOUR,IN,,22.183,88.2,7.0,20011015,20250824
42314099999,423140,99999,DIBRUGARH,IN,,27.484,95.017,110.3,19420714,20250824
42901099999,429010,99999,DIGHA,IN,,21.617,87.5,6.0,20090204,20250824
42914099999,429140,99999,DIU APRT,IN,,20.715,70.922,9.1,20151207,20250824
42867099999,428670,99999,DR BABA SAHEB AMBEDKAR INTL,IN,,21.092,79.047,314.9,19440101,20250824
42876099999,428760,99999,DURG,IN,,21.183,81.283,293.0,20020315,20250824
42731099999,427310,99999,DWARKA,IN,,22.367,69.083,11.0,19440101,20250824
43338099999,433380,99999,ERODE,IN,,11.483,77.767,172.0,20190623,20250824
42395099999,423950,99999,FORBESGANJ,IN,,26.3,87.267,61.0,19730101,20250824
42372099999,423720,99999,FURSATGANJ AIRPORT,IN,,26.25,81.383,109.7,20130529,20250824
43201099999,432010,99999,GADAG,IN,,15.417,75.633,650.0,19440101,20250824
42654099999,426540,99999,GANDHINAGAR,IN,,23.233,72.717,82.0,20151207,20250824
42123099999,421230,99999,GANGANAGAR,IN,,29.917,73.917,177.0,19440101,20250824
42299099999,422990,99999,GANGTOK,IN,,27.333,88.617,1756.0,19740902,20250824
42591099999,425910,99999,GAYA,IN,,24.744,84.951,115.8,19421122,20250824
42482099999,424820,99999,GHAZIPUR,IN,,25.4,83.55,67.0,20010718,20250824
43194099999,431940,99999,GOA INTL,IN,,15.381,73.831,56.1,19730101,20250824
43192099999,431920,99999,GOA/PANJIM,IN,,15.483,73.817,58.4,19730101,20250824
42407099999,424070,99999,GOALPARA,IN,,26.183,90.633,38.0,19730102,20250824
42420099999,424200,99999,GOLAGHAT,IN,,26.517,93.983,95.0,19740806,20250824
42871099999,428710,99999,GONDIA ARPT/BIRSI,IN,,21.524,80.288,300.8,19730101,20250824
43049099999,430490,99999,GOPALPUR,IN,,19.267,84.883,17.0,19440101,20250824
42379099999,423790,99999,GORAKHPUR,IN,,26.74,83.45,78.9,19440101,20250824
43121099999,431210,99999,GULBARGA,IN,,17.35,76.85,458.0,19440101,20250824
42026099999,420260,99999,GULMARG,IN,,34.05,74.4,2655.0,19440601,20250824
42559099999,425590,99999,GUNA,IN,,24.65,77.317,478.0,19440101,20250824
42410099999,424100,99999,GUWAHATI INTL / LOKPRIYA GOPINATH BORDOLOI INTL,IN,,26.106,91.586,49.4,19440102,20250824
42361099999,423610,99999,GWALIOR,IN,,26.293,78.228,188.1,19440101,20250824
42522099999,425220,99999,HAFLONG,IN,,25.167,93.017,682.0,20151207,20250824
42469099999,424690,99999,HAMIRPUR,IN,,25.95,80.15,109.0,20090205,20250824
43087099999,430870,99999,HANAMKONDA,IN,,18.017,79.567,269.0,19440101,20250824
42271099999,422710,99999,HARDOI,IN,,27.383,80.167,142.0,19730101,20250824
43109099999,431090,99999,HARNAI,IN,,17.817,73.1,20.0,19440101,20250824
43227099999,432270,99999,HAVERI,IN,,14.783,75.4,573.0,20151208,20250824
42131099999,421310,99999,HISAR,IN,,29.179,75.755,213.4,19440101,20250824
43226099999,432260,99999,HONAVAR,IN,,14.283,74.45,9.0,19440101,20250824
42763099999,427630,99999,HOSHANGABAD,IN,,22.767,77.767,302.0,19440101,20250824
43201199999,432011,99999,HUBLI / HUBBALLI,IN,,15.35,75.083,661.3,20151110,20250824
43364099999,433640,99999,HUT BAY,IN,,10.583,92.55,5.0,20020604,20250824
43128599999,431285,99999,HYDERABAD INTL AIRPORT / RAJIV GANDHI INTL,IN,,17.233,78.417,617.0,20080721,20250824
42623099999,426230,99999,IMPHAL,IN,,24.76,93.897,774.2,19441202,20250824
42181099999,421810,99999,INDIRA GANDHI INTL,IN,,28.567,77.103,236.8,19750307,20250824
42675099999,426750,99999,JABALPUR,IN,,23.178,80.052,495.0,19440101,20250824
43041099999,430410,99999,JAGDALPUR,IN,,19.083,82.033,553.0,19440101,20250824
42492099999,424920,99999,JAI PRAKASH NARAYAN INTL PATNA,IN,,25.591,85.088,51.8,19440101,20250824
42348099999,423480,99999,JAIPUR,IN,,26.824,75.812,385.0,19440101,20250824
42328099999,423280,99999,JAISALMER,IN,,26.9,70.917,231.0,19730101,20250824
42851099999,428510,99999,JALGAON,IN,,21.05,75.567,201.0,19440101,20250824
42399099999,423990,99999,JALPAIGURI,IN,,26.533,88.717,83.0,19440101,20250824
42056099999,420560,99999,JAMMU,IN,,32.667,74.833,367.0,19830902,20250824
42798099999,427980,99999,JAMSHEDPUR,IN,,22.813,86.169,153.9,19730101,20250824
42799099999,427990,99999,JAMSHEDPUR,IN,,22.817,86.183,129.0,19450801,20250824
43071099999,430710,99999,JEUR,IN,,18.2,75.2,521.0,20151208,20250824
42463099999,424630,99999,JHANSI,IN,,25.491,78.558,244.1,19440101,20250824
42886099999,428860,99999,JHARSUGUDA / VEER SURENDRA SAI,IN,,21.914,84.05,228.9,19570102,20250824
42339099999,423390,99999,JODHPUR,IN,,26.251,73.049,218.5,19430731,20250824
42423099999,424230,99999,JORHAT,IN,,26.067,90.167,880.0,19430414,20250824
43342099999,433420,99999,K. PARAMATHY,IN,,10.95,78.083,181.0,19780731,20250824
42618099999,426180,99999,KAILASHAHAR,IN,,24.317,92.0,30.0,19450119,20250824
43189099999,431890,99999,KAKINADA,IN,,16.95,82.233,8.0,19440101,20250824
42296099999,422960,99999,KALIMPONG,IN,,27.067,88.467,1209.0,20151207,20250824
43105099999,431050,99999,KALINGAPATAM,IN,,18.333,84.133,6.0,19440101,20250824
42638099999,426380,99999,KANDLA AERODROME,IN,,23.15,70.117,29.0,20041007,20250824
43377099999,433770,99999,KANNIYAKUMARI,IN,,8.083,77.5,37.0,19800710,20250824
42367099999,423670,99999,KANPUR CHAKERI,IN,,26.404,80.41,123.4,19440101,20250824
43346099999,433460,99999,KARAIKAL,IN,,10.917,79.833,7.0,19990412,20250824
43225099999,432250,99999,KARWAR,IN,,14.783,74.133,4.0,19730101,20250824
43243099999,432430,99999,KAVALI,IN,,14.9,79.983,17.0,20040528,20250824
42891099999,428910,99999,KEONGJHARGARH,IN,,21.617,85.517,463.0,20010917,20250824
42832099999,428320,99999,KESHOD,IN,,21.317,70.317,50.0,20010916,20250824
42567099999,425670,99999,KHAJURAHO,IN,,24.983,79.917,217.0,20020623,20250824
43137099999,431370,99999,KHAMMAM,IN,,17.25,80.15,112.0,19440101,20250824
42855099999,428550,99999,KHANDWA,IN,,21.833,76.367,318.0,19440101,20250824
42849099999,428490,99999,KHARGONE,IN,,21.817,75.617,251.0,20090205,20250824
42270099999,422700,99999,KHERI,IN,,27.9,80.8,147.0,19730101,20250824
43339099999,433390,99999,KODAIKANAL,IN,,10.233,77.467,2343.0,19440101,20250824
42527099999,425270,99999,KOHIMA,IN,,25.633,94.167,1406.0,19770923,20250824
43157099999,431570,99999,KOLHAPUR,IN,,16.665,74.289,608.4,19730101,20250824
43097099999,430970,99999,KORAPUT,IN,,18.817,82.717,913.0,19730113,20250824
42452099999,424520,99999,KOTA,IN,,25.16,75.846,273.1,19730101,20250824
43355099999,433550,99999,KOTTAYAM,IN,,9.533,76.6,78.0,20010707,20250824
43314099999,433140,99999,KOZHIKODE,IN,,11.25,75.783,5.0,19440101,20250824
42711099999,427110,99999,KRISHNANAGAR,IN,,23.4,88.517,15.0,19950425,20250824
43213099999,432130,99999,KURNOOL,IN,,15.8,78.067,281.0,19440101,20250824
42479099999,424790,99999,LAL BAHADUR SHASTRI VARANASI INTL,IN,,25.45,82.867,81.1,19730101,20250824
42705399999,427053,99999,LEH,IN,,34.136,77.547,3255.9,20060905,20250824
42726099999,427260,99999,LENGPUI,IN,,23.841,92.62,426.1,20100719,20250824
42309099999,423090,99999,LILABARI,IN,,27.295,94.098,100.6,19431223,20250824
43310099999,433100,99999,LONG ISLAND,IN,,12.417,92.933,25.0,20070520,20250824
42369099999,423690,99999,LUCKNOW / CHAUDHARY CHARAN SINGH INTL,IN,,26.761,80.889,125.0,19440101,20250824
42099099999,420990,99999,LUDHIANA,IN,,30.867,75.933,255.0,19730101,20250824
42523099999,425230,99999,LUMDING,IN,,25.75,93.183,149.0,19730101,20250824
43266099999,432660,99999,M.O. AGATHI AIRPORT,IN,,10.85,72.467,3.0,20090205,20250824
43311099999,433110,99999,M.O. AMINI,IN,,11.117,72.733,3.0,19730101,20250824
43331099999,433310,99999,M.O. PONDICHERRY,IN,,11.967,79.817,38.0,20090204,20250824
43185099999,431850,99999,MACHILIPATNAM/FRANCHPET,IN,,16.2,81.15,3.0,19540101,20250824
43359099999,433590,99999,MADURAI,IN,,9.917,78.117,133.0,19730101,20250824
43360099999,433600,99999,MADURAI,IN,,9.835,78.093,139.9,19440101,20250824
43111099999,431110,99999,MAHABALESHWAR,IN,,17.933,73.667,1382.0,19440101,20250824
43168099999,431680,99999,MAHABUBNAGAR,IN,,16.75,78.0,505.0,20090205,20250824
42837099999,428370,99999,MAHUVA,IN,,21.083,71.783,9.0,20010711,20250824
42413099999,424130,99999,MAJBAT,IN,,26.75,92.35,120.0,20011009,20250824
42715099999,427150,99999,MALANJKHAND,IN,,22.0,80.7,581.0,20011121,20250824
42503099999,425030,99999,MALDA,IN,,25.033,88.133,31.0,19730101,20250824
42925099999,429250,99999,MALEGAON,IN,,20.55,74.533,437.0,19440101,20250824
42872099999,428720,99999,MANA,IN,,21.233,81.65,313.0,20151207,20250824
42065099999,420650,99999,MANALI,IN,,32.267,77.167,2039.0,19990223,20250824
42078099999,420780,99999,MANDI,IN,,31.717,76.967,761.0,19590602,20250824
42776099999,427760,99999,MANDLA,IN,,22.583,80.367,443.0,20070520,20250824
43284099999,432840,99999,MANGALORE,IN,,12.961,74.89,102.7,19730101,20250824
43060099999,430600,99999,MATHERAN,IN,,18.983,73.283,695.0,20170604,20250824
43309099999,433090,99999,MAYA BANDAR,IN,,12.917,92.917,28.0,19730101,20250824
43083099999,430830,99999,MEDAK,IN,,18.05,78.267,472.0,19870905,20250824
42139099999,421390,99999,MEERUT,IN,,29.017,77.717,222.0,19440603,20250824
42803099999,428030,99999,MIDNAPORE,IN,,22.417,87.317,45.0,19730101,20250824
43369099999,433690,99999,MINICOY,IN,,8.3,73.15,2.0,19440101,20250824
42383099999,423830,99999,MOTIHARI,IN,,26.667,84.917,66.0,19440101,20250824
42147099999,421470,99999,MUKTESHWAR KUMAON,IN,,29.467,79.65,2311.0,19440101,20250824
42387099999,423870,99999,MUZAFFARPUR,IN,,26.117,85.4,53.0,19740515,20250824
43291099999,432910,99999,MYSORE,IN,,12.3,76.7,767.0,19440101,20250824
43347099999,433470,99999,NAGAPPATTINAM,IN,,10.767,79.85,9.0,19440101,20250824
42104099999,421040,99999,NAHAN,IN,,30.4,76.767,958.0,19881016,20250824
42143099999,421430,99999,NAJIBABAD,IN,,29.617,78.383,270.0,19730101,20250824
43133099999,431330,99999,NALGONDA,IN,,17.0,79.25,227.0,19771019,20250824
42631099999,426310,99999,NALIYA,IN,,23.25,68.85,21.0,19730101,20250824
43382099999,433820,99999,NANCOWRY,IN,,7.983,93.533,26.0,19730101,20250824
43021099999,430210,99999,NANDED,IN,,19.083,77.333,358.0,20151207,20250824
43182099999,431820,99999,NANDIGAMA,IN,,16.783,80.283,51.0,20090205,20250824
42846099999,428460,99999,NANDURBAR,IN,,21.333,74.25,206.0,20160321,20250824
43212099999,432120,99999,NANDYAL,IN,,15.467,78.483,212.0,20010825,20250824
43187099999,431870,99999,NARSAPUR,IN,,16.433,81.7,4.0,20040528,20250824
42770099999,427700,99999,NARSINGHPUR,IN,,22.95,79.183,356.0,20010709,20250824
42921099999,429210,99999,NASIK CITY,IN,,19.967,73.817,598.0,20060202,20250824
43245099999,432450,99999,NELLORE,IN,,14.45,79.983,20.0,19440101,20250824
42809099999,428090,99999,NETAJI SUBHASH CHANDRA BOSE INTL,IN,,22.655,88.447,4.9,19430831,20250824
42639099999,426390,99999,NEW KANDLA,IN,,23.0,70.217,14.0,20090205,20250824
43081099999,430810,99999,NIZAMABAD,IN,,18.667,78.1,381.0,19440101,20250824
42467099999,424670,99999,NOWGONG,IN,,25.067,79.45,229.0,19440101,20250824
43278099999,432780,99999,NUMGAMBAKKAM,IN,,13.067,80.2,7.0,19870110,20250824
42730099999,427300,99999,OKHA,IN,,22.483,69.117,7.0,20011014,20250824
43221099999,432210,99999,ONGOLE,IN,,15.5,80.083,12.0,19730101,20250824
42468099999,424680,99999,ORAI,IN,,25.983,79.5,141.0,20040508,20250824
42920099999,429200,99999,OZAR AIR FORCE STATION /NASHIK ARPT,IN,,20.119,73.914,598.0,19890430,20250824
42767099999,427670,99999,PACHMARHI,IN,,22.467,78.433,1075.0,19440101,20250824
43335099999,433350,99999,PALAKKAD,IN,,10.767,76.65,97.0,19440101,20250824
43363099999,433630,99999,PAMBAN,IN,,9.283,79.217,11.0,19440101,20250824
42148099999,421480,99999,PANTNAGAR,IN,,29.033,79.467,233.0,20070520,20250824
42976099999,429760,99999,PARADIP (C.W.R.),IN,,20.3,86.683,8.0,20020521,20250824
43207099999,432070,99999,PARANGIPETTAI,IN,,11.5,79.767,3.0,20151207,20250824
43017099999,430170,99999,PARBHANI,IN,,19.133,76.833,422.0,19440101,20250824
42220099999,422200,99999,PASIGHAT,IN,,28.1,95.383,157.0,19740403,20250824
42101099999,421010,99999,PATIALA,IN,,30.333,76.467,251.0,19730101,20250824
43237099999,432370,99999,PBO ANANTAPUR,IN,,14.583,77.633,364.0,19540101,20250824
42779099999,427790,99999,PENDRA ROAD,IN,,22.767,81.9,625.0,19440101,20250824
43356099999,433560,99999,PERIAKULAM,IN,,10.0,77.133,300.0,20151207,20250824
42174099999,421740,99999,PILANI,IN,,28.333,75.583,301.0,20020630,20250824
42830099999,428300,99999,PORBANDAR,IN,,21.65,69.667,5.0,19730101,20250824
43333099999,433330,99999,PORT BLAIR,IN,,11.667,92.717,79.0,19451101,20250824
43354099999,433540,99999,PUNALUR,IN,,9.0,76.917,34.0,20020827,20250824
43063099999,430630,99999,PUNE,IN,,18.533,73.85,558.0,19440101,20250824
43053099999,430530,99999,PURI,IN,,19.8,85.817,6.0,19730101,20250824
42500099999,425000,99999,PURNEA,IN,,25.267,87.467,38.0,19440101,20250824
42705099999,427050,99999,PURULIA,IN,,23.333,86.417,255.0,19440325,20250824
42044099999,420440,99999,QAZI GUND,IN,,33.583,75.083,1690.0,20090205,20250824
43169099999,431690,99999,RAICHUR,IN,,16.2,77.35,400.0,19440101,20250824
42672099999,426720,99999,RAISEN,IN,,23.317,77.833,440.0,19840225,20250824
42557099999,425570,99999,RAJGARH,IN,,24.0,76.717,382.0,20090205,20250824
42737099999,427370,99999,RAJKOT,IN,,22.309,70.78,134.4,19440101,20250824
42948099999,429480,99999,RAJNANDGAON,IN,,21.1,81.033,329.0,20151208,20250824
43086099999,430860,99999,RAMGUNDAM,IN,,18.767,79.433,156.0,19730101,20250824
42408099999,424080,99999,RANGIA,IN,,26.433,91.617,60.0,20151207,20250824
42661099999,426610,99999,RATLAM,IN,,23.317,75.05,486.0,19730101,20250824
43110099999,431100,99999,RATNAGIRI,IN,,16.983,73.333,67.0,19440101,20250824
42574099999,425740,99999,REWA,IN,,24.533,81.3,299.0,20090205,20250824
42176099999,421760,99999,ROHTAK,IN,,28.833,76.583,222.0,20010728,20250824
42793099999,427930,99999,ROURKELA,IN,,22.217,84.883,196.0,20170815,20250824
42182099999,421820,99999,SAFDARJUNG,IN,,28.585,77.206,214.9,19420702,20250824
42671099999,426710,99999,SAGAR,IN,,23.85,78.75,551.0,19440101,20250824
42903099999,429030,99999,SAGAR ISLAND,IN,,21.65,88.05,3.0,19440101,20250824
43325099999,433250,99999,SALEM,IN,,11.65,78.167,278.0,19440101,20250824
42883099999,428830,99999,SAMBALPUR,IN,,21.467,83.967,148.0,19440101,20250824
43158099999,431580,99999,SANGLI,IN,,16.85,74.6,549.0,19750906,20250824
43113099999,431130,99999,SATARA,IN,,17.517,74.05,612.0,20020727,20250824
42571099999,425710,99999,SATNA,IN,,24.567,80.833,317.0,19440101,20250824
42771099999,427710,99999,SEONI,IN,,22.083,79.55,619.0,19440101,20250824
42266099999,422660,99999,SHAHJAHANPUR,IN,,27.883,79.9,155.0,20090205,20250824
42708099999,427080,99999,SHANTI NIKETAN,IN,,23.65,87.7,59.0,20010913,20250824
42456099999,424560,99999,SHEOPUR,IN,,25.667,76.683,235.0,19730101,20250824
42516099999,425160,99999,SHILLONG,IN,,25.567,91.883,1598.0,19440101,20250824
42512099999,425120,99999,SHILLONG ARPT / UMROI ARPT / BARAPANI,IN,,25.7,91.983,891.2,20151208,20250824
42083099999,420830,99999,SHIMLA,IN,,31.1,77.167,2202.0,19440101,20250824
43258099999,432580,99999,SHIVAMOGGA,IN,,13.858,75.62,630.6,20010904,20250824
42459099999,424590,99999,SHIVPURI,IN,,25.333,77.65,464.0,20020528,20250824
42577099999,425770,99999,SIDHI,IN,,24.417,81.867,272.0,19730101,20250824
42249099999,422490,99999,SIKAR,IN,,27.617,75.133,433.0,19730101,20250824
42619099999,426190,99999,SILCHAR,IN,,24.75,92.8,29.0,19440101,20250824
43117099999,431170,99999,SOLAPUR,IN,,17.628,75.935,482.8,19440101,20250824
42027099999,420270,99999,SRINAGAR,IN,,34.083,74.833,1587.0,19730101,20250824
42792099999,427920,99999,SUNDARGARH,IN,,22.117,84.033,240.0,20020620,20250824
42079099999,420790,99999,SUNDERNAGAR,IN,,31.533,76.9,874.0,20130529,20250824
42393099999,423930,99999,SUPAUL,IN,,26.133,86.583,50.0,20010905,20250824
42840099999,428400,99999,SURAT,IN,,21.2,72.833,12.0,19440101,20250824
42740099999,427400,99999,SURENDRANAGAR,IN,,22.733,71.6,74.0,19730101,20250824
42875099999,428750,99999,SWAMI VIVEKANANDA,IN,,21.183,81.733,317.6,19440101,20250824
43005099999,430050,99999,T B I A,IN,,19.15,72.0,12.0,20170418,20250824
42114099999,421140,99999,TEHRI,IN,,30.4,78.483,770.0,19981224,20250824
42415099999,424150,99999,TEZPUR,IN,,26.617,92.783,79.0,19440101,20250824
43330099999,433300,99999,THANJAVUR,IN,,10.783,79.133,68.0,19761009,20250824
43371099999,433710,99999,THIRUVANANTHAPURAM,IN,,8.483,76.95,64.0,19440101,20250824
43372099999,433720,99999,THIRUVANANTHAPURAM INTL,IN,,8.482,76.92,4.6,19960201,20250824
43357099999,433570,99999,THRISSUR,IN,,10.517,76.217,39.0,20151207,20250824
42562099999,425620,99999,TIKAMGARH,IN,,24.767,78.833,345.0,20060328,20250824
43344099999,433440,99999,TIRUCHIRAPPALLI,IN,,10.765,78.71,87.8,19440101,20250824
43275099999,432750,99999,TIRUPATHI,IN,,13.667,79.583,105.0,19860108,20250824
43302099999,433020,99999,TIRUPPATTUR,IN,,12.483,78.567,385.0,20151212,20250824
43277099999,432770,99999,TIRUTTANI,IN,,13.15,79.533,87.0,19780210,20250824
42961099999,429610,99999,TITLAGARH,IN,,20.3,83.3,211.0,19730101,20250824
43361099999,433610,99999,TONDI,IN,,9.733,79.033,5.0,20030727,20250824
43147099999,431470,99999,TUNI,IN,,17.35,82.55,35.0,20090204,20250824
42542099999,425420,99999,UDAIPUR / MAHARANA PRATAP,IN,,24.618,73.896,513.3,19750811,20250824
43076099999,430760,99999,UDGIR,IN,,18.067,77.117,639.0,20151208,20250824
43317099999,433170,99999,UDHAGAMANDALAM,IN,,11.4,76.733,2249.0,19440101,20250824
42662099999,426620,99999,UJJAIN,IN,,23.183,75.783,489.0,20020615,20250824
42805099999,428050,99999,ULUBERIA,IN,,22.5,87.95,5.0,19810506,20250824
42679099999,426790,99999,UMARIA,IN,,23.533,80.883,459.0,19730101,20250824
42077099999,420770,99999,UNA,IN,,31.467,76.267,369.0,20090205,20250824
42744099999,427440,99999,VALLABH VIDYANAGAR,IN,,22.567,72.933,44.0,19831001,20250824
43341099999,433410,99999,VALPARAI,IN,,10.283,77.0,1041.0,20151207,20250824
42483099999,424830,99999,VARANASI,IN,,25.3,83.017,90.0,19440101,20250824
43303099999,433030,99999,VELLORE,IN,,12.917,79.15,214.0,19440101,20250824
42909099999,429090,99999,VERAVAL,IN,,20.9,70.367,8.0,19440101,20250824
43181099999,431810,99999,VIJAYAWADA,IN,,16.53,80.797,25.0,19730103,20250824
43149099999,431490,99999,VISHAKHAPATNAM CTLZ,IN,,17.717,83.217,4.6,19540101,20250824
42939099999,429390,99999,WARDHA,IN,,20.667,78.583,283.0,20070520,20250824
42935099999,429350,99999,WASHIM,IN,,20.117,77.117,565.0,20090205,20250824
42943099999,429430,99999,YEOTMAL,IN,,20.4,78.15,451.0,19730101,20250824
43340099999,433400,99999,YERCAUD,IN,,11.75,78.167,1463.0,20151207,20250824
43324099999,433240,99999,ARIYALUR,IN,,11.167,79.0,747.0,19771101,20250823
42441099999,424410,99999,ERINPURA /JAWAI DAM SITE,IN,,25.083,73.083,295.0,19450801,20250823
42137099999,421370,99999,KARNAL,IN,,29.7,77.033,249.0,19730109,20250823
42187099999,421870,99999,MORADABAD,IN,,28.833,78.75,202.0,19830915,20250823
43196099999,431960,99999,MORMUGAO,IN,,15.417,73.783,62.0,19440101,20250823
43376099999,433760,99999,PALAYANKOTTAI,IN,,8.733,77.75,51.0,19730101,20250823
42237099999,422370,99999,PHALODI,IN,,27.133,72.367,234.0,19440101,20250823
43177099999,431770,99999,RENTACHINTALA,IN,,16.55,79.55,106.0,19440101,20250823
43058099999,430580,99999,ALIBAG,IN,,18.633,72.867,7.0,20020509,20250822
43379099999,433790,99999,TUTICORIN NEW PORT,IN,,8.75,78.183,2.0,20090205,20250822
42354099999,423540,99999,DHOLPUR,IN,,26.667,77.833,176.0,19730101,20250817
42705199999,427051,99999,KULLU MANALI,IN,,31.877,77.154,1089.1,20040707,20250816
42364099999,423640,99999,ETAWAH,IN,,26.921,79.062,149.0,20010711,20250813
42966099999,429660,99999,PHULBANI,IN,,20.483,84.267,489.0,20010707,20250813
43322099999,433220,99999,CHAMARAJNAGAR,IN,,11.933,76.933,760.0,20151208,20250802
43287099999,432870,99999,MADIKERI,IN,,12.417,75.733,1153.0,19440101,20250729
42475099999,424750,99999,ALLAHABAD ARPT,IN,,25.44,81.734,98.2,19420727,20250716
43368099999,433680,99999,CAR NICOBAR(IN-AFB),IN,,9.15,92.817,14.0,19730101,20250716
42705299999,427052,99999,CHANDIGARH,IN,,30.673,76.789,308.5,20060812,20250716
42423199999,424231,99999,JORHAT,IN,,26.732,94.176,94.8,20160807,20250716
42183099999,421830,99999,BULANDSHAHR,IN,,28.4,77.867,218.0,20010823,20250708
42540099999,425400,99999,MOUNT ABU,IN,,24.6,72.717,1195.0,19440101,20250701
42752099999,427520,99999,DHAR,IN,,22.6,75.3,583.0,19740724,20250627
43197099999,431970,99999,BELGAUM,IN,,15.85,74.533,753.0,19440101,20250625
43260099999,432600,99999,CHICKMAGALUR,IN,,13.25,75.75,1057.0,20090205,20250602
43327099999,433270,99999,KARAIKUDI,IN,,10.067,78.8,92.0,19760323,20250522
42471099999,424710,99999,FATEHPUR,IN,,25.933,80.833,114.0,19730101,20250421
43351099999,433510,99999,FORT COCHIN,IN,,9.967,76.233,3.0,19540101,20250418
43184099999,431840,99999,NIDADAVOLE,IN,,16.833,81.583,13.0,20011125,20250413
42866099999,428660,99999,NAGPUR (MAYO HOSPITAL),IN,,21.15,79.117,311.0,19860516,20250405
43337099999,433370,99999,KAVARATTI HELIPORT,IN,,10.542,72.616,9.1,20160101,20250324
42570099999,425700,99999,PANNA,IN,,24.717,80.167,354.0,20010726,20250324
43289099999,432890,99999,MANDYA,IN,,12.5,76.833,695.0,19811012,20250318
43093099999,430930,99999,BAILADILA,IN,,18.583,81.233,1144.0,19890521,20250212
42305099999,423050,99999,BOMDILA,IN,,27.417,92.85,2484.0,20020727,20250210
43334099999,433340,99999,ANDROTH,IN,,10.8,73.983,5.0,20020807,20250203
42295099999,422950,99999,DARJEELING,IN,,27.05,88.267,2128.0,19440101,20250131
43229099999,432290,99999,SHIRALI,IN,,14.067,74.533,45.0,19771222,20250128
43285099999,432850,99999,MANGALORE/PANAMBUR,IN,,12.95,74.833,31.0,19740429,20250107
43343099999,433430,99999,TIRUCHIRAPALLI TOWN,IN,,10.767,78.717,88.0,20160205,20250104
43193099999,431930,99999,VENGURLA,IN,,15.867,73.633,16.0,19561031,20241230
42599099999,425990,99999,DUMKA,IN,,24.267,87.25,149.0,19440102,20241216
43345099999,433450,99999,KUDIMIAMALAI,IN,,10.4,78.667,123.0,20151211,20241213
42177099999,421770,99999,NARNAUL,IN,,28.0,76.083,308.0,20020219,20241203
43349099999,433490,99999,VEDARANNIYAM,IN,,10.367,79.85,4.0,19990908,20241112
42042099999,420420,99999,SRINAGAR,IN,,33.983,74.783,1664.0,19881026,20241111
42934099999,429340,99999,AKOLA,IN,,20.699,77.059,304.5,19730101,20241109
43352099999,433520,99999,ALAPUZHA,IN,,9.55,76.417,4.0,19440701,20241029
43316099999,433160,99999,NILAMBUR,IN,,11.283,76.233,31.0,19990225,20241028
43263099999,432630,99999,HASSAN,IN,,12.967,76.333,955.0,20020522,20241019
42257099999,422570,99999,MATHURA,IN,,27.5,77.683,174.0,20020418,20241016
42915099999,429150,99999,BULSAR,IN,,20.617,72.933,15.0,20090205,20240918
42499099999,424990,99999,SABAUR,IN,,25.233,87.067,37.0,20020614,20240910
42258099999,422580,99999,BHARATPUR,IN,,27.217,77.5,176.0,20020214,20240814
43326099999,433260,99999,KALLAKKURICHCHI,IN,,11.733,78.967,127.0,19730101,20240702
42751099999,427510,99999,DOHAD,IN,,22.833,74.267,333.0,19440101,20240627
42382099999,423820,99999,RAXAUL,IN,,26.983,84.85,79.0,19730101,20240621
43296099999,432960,99999,BANGALORE/HINDUSTAN AIRPORT,IN,,12.95,77.633,888.0,19420901,20240531
43320099999,433200,99999,M.O. KARIPUR AIRPORT,IN,,11.133,75.95,100.0,20090205,20240531
42748099999,427480,99999,BARODA AERODROME,IN,,22.333,73.267,37.0,20070520,20240530
42790099999,427900,99999,JASHPURNAGAR,IN,,22.883,84.133,771.0,20011004,20240423
42261099999,422610,99999,AGRA,IN,,27.167,78.033,169.0,19440101,20240412
42484099999,424840,99999,BALLIA,IN,,25.75,84.167,64.0,20020217,20240326
42282099999,422820,99999,NAUTANWA,IN,,27.433,83.417,99.0,19730101,20240324
42727099999,427270,99999,AIJAL,IN,,23.733,92.717,1097.0,19540101,20240321
42075099999,420750,99999,JULLUNDUR,IN,,31.467,75.583,-999.9,20180918,20240213
42841099999,428410,99999,BROACH,IN,,21.733,73.0,17.0,20011001,20240101
43160099999,431600,99999,BAGALKOTE,IN,,16.7,75.75,524.0,19440101,20231009
43319099999,433190,99999,COIMBATORE,IN,,11.0,76.967,409.0,19440101,20230930
43259099999,432590,99999,BALEHONUR,IN,,13.367,75.45,907.0,19851209,20230909
42747099999,427470,99999,BARODA,IN,,22.3,73.25,34.0,19440101,20230830
42063099999,420630,99999,KYELONG,IN,,32.583,77.067,3348.0,20170926,20230807
42108099999,421080,99999,UTTARKASHI,IN,,30.733,78.45,1200.0,19990420,20230805
42450099999,424500,99999,BUNDI,IN,,25.45,75.633,267.0,20090205,20230712
43012099999,430120,99999,JALNA,IN,,19.833,75.8,538.0,20151208,20230617
42397099999,423970,99999,SILIGURI,IN,,26.667,88.367,123.0,19990213,20230501
43013099999,430130,99999,AURANGABAD,IN,,19.883,75.333,579.0,19440101,20230422
42151099999,421510,99999,DHARCHULA,IN,,29.85,80.533,817.0,19831002,20230321
43019099999,430190,99999,PUSAD,IN,,19.917,77.583,332.0,19831018,20230225
42477099999,424770,99999,JAUNPUR,IN,,25.75,82.683,80.0,20170531,20230224
42409099999,424090,99999,TANGLA,IN,,26.65,91.917,65.0,19740221,20230219
42669099999,426690,99999,VIDISHA,IN,,23.533,77.817,430.0,20010713,20230127
42426099999,424260,99999,TUENSANG,IN,,26.267,94.817,1608.0,20201206,20221121
42555099999,425550,99999,JHALAWAR,IN,,24.533,76.167,321.0,19440101,20221025
43228099999,432280,99999,KOPPAL,IN,,15.35,76.15,532.0,20151208,20220912
43373099999,433730,99999,TRIVANDRUM MET.OBS./THUMBA,IN,,8.533,76.867,7.0,20030304,20220824
42122099999,421220,99999,ANUPGARH,IN,,29.167,73.167,154.0,19440101,20220805
42963099999,429630,99999,BOLANGIR,IN,,20.7,83.5,190.0,20020418,20220614
42665099999,426650,99999,SHAJAPUR,IN,,23.433,76.317,446.0,20010806,20220525
42487099999,424870,99999,ARRAH,IN,,25.567,84.667,58.0,20170508,20220216
43257099999,432570,99999,AGUMBE EMO,IN,,13.5,75.083,659.0,20010808,20220104
42029099999,420290,99999,SONAMARG,IN,,34.317,75.317,2515.0,19740613,20211224
43336099999,433360,99999,COCHIN INT. AIRPORT NEDUMBASSERY,IN,,10.15,76.4,7.7,20061013,20211212
42368099999,423680,99999,LUCKNOW,IN,,26.867,80.933,111.0,19730101,20211125
42188099999,421880,99999,RAMPUR,IN,,28.75,79.0,191.0,19990709,20211124
42453099999,424530,99999,SAWAI MADHOPUR,IN,,25.983,76.367,264.0,20010822,20211112
42753099999,427530,99999,ALIRAJPUR,IN,,22.283,74.4,293.0,20210917,20210917
43299099999,432990,99999,KOLAR GOLD FIELDS,IN,,12.95,78.3,882.0,19990207,20210716
42349099999,423490,99999,TONK,IN,,26.167,75.75,272.0,19990514,20210712
42416099999,424160,99999,TEZPUR/BINDUKURI,IN,,26.717,92.8,75.0,19430510,20210702
43358099999,433580,99999,KOVILANGULAM,IN,,9.55,78.083,103.0,20151208,20210515
42121099999,421210,99999,MUNSYARI,IN,,30.117,80.25,3414.0,20011024,20210420
42265099999,422650,99999,MAINPURI,IN,,27.233,79.05,157.0,19440101,20210303
42112099999,421120,99999,MUSSOORIE,IN,,30.45,78.083,2042.0,19540101,20201209
42178099999,421780,99999,GURGAON,IN,,28.417,77.0,224.0,20010718,20200513
42439099999,424390,99999,JALORE,IN,,25.35,72.617,168.0,20151208,20200407
42117099999,421170,99999,CHAMOLI,IN,,30.4,79.333,1160.0,19990211,20200307
42097099999,420970,99999,BHATINDA,IN,,30.167,74.583,211.0,20200213,20200213
42953099999,429530,99999,KANKER,IN,,20.267,81.483,402.0,19440101,20191202
43062099999,430620,99999,BHIRA,IN,,18.45,73.4,96.0,20070520,20190919
42737199999,427371,99999,RAIPUR,IN,,21.18,81.739,317.3,20080616,20190831
42375099999,423750,99999,SULTANPUR,IN,,26.25,82.0,97.0,19990614,20190527
42699099999,426990,99999,HAZARIBAGH,IN,,23.983,85.367,611.0,19440101,20190510
43264099999,432640,99999,CHIKKANAHALLI,IN,,13.667,77.917,672.0,20151210,20190507
42810099999,428100,99999,BASIRHAT,IN,,22.65,88.867,4.0,20151207,20190408
42110099999,421100,99999,PAURI,IN,,30.15,78.783,1845.0,20190315,20190315
42651099999,426510,99999,IDAR,IN,,23.833,73.033,219.0,20090205,20181105
42140099999,421400,99999,ROORKEE,IN,,29.85,77.883,274.0,19440101,20180810
42472099999,424720,99999,PRATAPGARH,IN,,25.9,81.95,99.0,20161018,20180706
42729099999,427290,99999,MANDVI,IN,,22.817,69.267,9.0,20010921,20180620
42135099999,421350,99999,SANGRUR,IN,,30.167,75.833,236.0,19831001,20180519
42060099999,420600,99999,KATHUA,IN,,32.333,75.5,380.0,20011121,20180316
42366099999,423660,99999,KANPUR,IN,,26.433,80.367,125.0,19450621,20180217
42312099999,423120,99999,ZIRO,IN,,27.917,94.8,1476.0,20010802,20171105
42652099999,426520,99999,DUNGARPUR,IN,,23.833,73.667,291.0,20011122,20171011
42274099999,422740,99999,GONDA,IN,,27.133,81.967,110.0,19730101,20171008
42543099999,425430,99999,UDAIPUR,IN,,24.583,73.7,582.0,19440601,20170701
42206099999,422060,99999,HALDIA,IN,,22.067,88.067,11.0,20170614,20170614
42390099999,423900,99999,MUZAFFARPUR AERODROME,IN,,26.117,85.317,53.0,20011029,20170327
42703099999,427030,99999,DHANBAD,IN,,23.783,86.433,257.0,20010813,20170103
43002099999,430020,99999,BOMBAY / JUHU,IN,,19.117,72.833,3.0,20161012,20161012
42316099999,423160,99999,DIGBOI,IN,,27.383,95.617,143.0,19440901,20160805
43064099999,430640,99999,PUNE / LOHOGAON AERODROME,IN,,18.583,73.917,589.0,19880501,20160618
42074099999,420740,99999,KAPURTHALA,IN,,31.333,75.333,229.0,20020214,20160509
42311099999,423110,99999,SIBSAGAR,IN,,26.983,94.633,97.0,19440101,20160117
42700099999,427000,99999,RANCHI,IN,,23.433,85.4,647.0,19730101,20140203
42595099999,425950,99999,JAMUI,IN,,24.933,86.3,82.0,20120710,20120710
42655099999,426550,99999,BANSWARA,IN,,23.55,74.45,220.0,20021116,20090205
42552099999,425520,99999,CHAMBAL/RAWAT BHATA,IN,,24.917,75.583,351.0,20040727,20090205
42783099999,427830,99999,CHAMPA,IN,,22.033,82.7,245.0,19730101,20090205
43022099999,430220,99999,PRIYADARSHINI,IN,,19.75,78.033,457.0,20081111,20081111
42419099999,424190,99999,GOHPUR,IN,,26.833,93.583,82.0,19831028,20071017
43061099999,430610,99999,KHANDALA,IN,,18.767,73.367,539.0,19440507,20070522
42884099999,428840,99999,RAIGARH,IN,,21.883,83.383,220.0,19990612,20070520
42030099999,420300,99999,DRAS,IN,,34.433,75.767,3066.0,19440101,20070426
42059099999,420590,99999,DALHOUSIE,IN,,32.533,75.967,1959.0,19440601,20060101
43328099999,433280,99999,PONDICHERRY,IN,,11.917,79.833,6.0,20020305,20030528
42107099999,421070,99999,DHARMPUR,IN,,30.9,77.017,1986.0,19990701,20021214
42358099999,423580,99999,BHIND,IN,,26.567,78.8,168.0,20020328,20021208
42511099999,425110,99999,TURA,IN,,25.517,90.233,370.0,19730101,20021123
43180099999,431800,99999,VIJAYAWADA,IN,,16.517,80.617,20.0,20010823,20021025
43089099999,430890,99999,SIRONCHA,IN,,18.85,79.967,123.0,20010812,20021015
42116099999,421160,99999,JOSHIMATH,IN,,30.55,79.567,1875.0,19730101,20021002
42242099999,422420,99999,NAGAUR,IN,,27.167,73.667,298.0,20010723,20020817
42704099999,427040,99999,PANAGARH,IN,,23.467,87.433,74.0,19431130,20020805
42190099999,421900,99999,PILIBHIT,IN,,28.633,79.8,188.0,20020725,20020725
43374099999,433740,99999,KOVALAM,IN,,8.083,77.25,35.0,20011027,20011027
42977099999,429770,99999,SANDHEADS,IN,,20.85,88.25,10.0,19440101,19971231
42080099999,420800,99999,BILASPUR,IN,,31.25,76.667,587.0,19590602,19971222
43385099999,433850,99999,KONDUL,IN,,7.217,93.733,8.0,19730101,19970805
43205099999,432050,99999,BELLARY,IN,,15.15,76.85,449.0,19440101,19970316
42620099999,426200,99999,SILCHAR/KUMBHIRGRAM,IN,,24.917,92.983,105.0,19860321,19910723
42055099999,420550,99999,JAMMU (IN-AFB),IN,,32.683,74.833,314.0,19730101,19910719
42547099999,425470,99999,NIMACH,IN,,24.467,74.9,496.0,19440101,19900427
42096099999,420960,99999,FEROZEPUR,IN,,30.917,74.667,200.0,19730101,19900317
43130099999,431300,99999,HAKIMPET,IN,,17.55,78.517,613.0,19890731,19890731
43153099999,431530,99999,DEVGARH,IN,,16.383,73.35,36.0,19460801,19860725
42640999999,426409,99999,MT HOREB,IN,,42.983,-89.75,370.0,19860331,19860331
43395099999,433950,99999,MALE ISLAND,IN,,4.167,73.5,6.0,19740730,19811214
42381099999,423810,99999,AZAMGARH,IN,,26.05,83.217,78.0,19730101,19800626
42146099999,421460,99999,NAINITAL,IN,,29.4,79.467,1953.0,19730103,19790214
42451099999,424510,99999,KOTA-IN-RAJASTHAN,IN,,25.183,75.85,256.0,19440101,19780502
43308099999,433080,99999,MAHABALIPURAM,IN,,12.617,80.2,9.0,19760825,19760827
42734099999,427340,99999,JAMNAGAR,IN,,22.45,70.083,14.0,19730101,19760102
42057099999,420570,99999,PATHANKOT (IN-AFB)&,IN,,32.233,75.633,312.0,19730102,19750831
43283099999,432830,99999,MANGALORE,IN,,12.867,74.85,22.0,19440101,19631231
42098099999,420980,99999,HALWARA,IN,,30.75,75.633,241.0,19440101,19481231
42034099999,420340,99999,LEH               &,IN,,34.15,77.567,3513.0,19440101,19481106
42808199999,428081,99999,CALCUTTA/BARRACKS,IN,,22.767,88.367,7.0,19440331,19460531
74923899999,749238,99999,RANIGANJ EAST,IN,,23.617,87.2,86.0,19430531,19451229
42802099999,428020,99999,KALAIKUNDA,IN,,22.333,87.217,62.0,19440115,19451210
74924699999,749246,99999,BANSBERA NORTHEAST,IN,,26.8,92.617,98.0,19431130,19451018
74924499999,749244,99999,DOOM-DOOMA,IN,,27.567,95.567,130.0,19430331,19451015
42406099999,424060,99999,DHUBRI/RUPSI,IN,,26.15,89.917,45.0,19450630,19450930
74924399999,749243,99999,PANDAVESWAR SW,IN,,23.717,87.283,87.0,19450108,19450930
74924299999,749242,99999,BANKADAHA WEST,IN,,22.967,87.3,79.0,19440229,19450921
74924199999,749241,99999,KHARAGPUR SOUTHEAST,IN,,22.3,87.333,41.0,19440103,19450903
74925299999,749252,99999,DERGAON,IN,,26.717,93.95,91.0,19440131,19450531
74923599999,749235,99999,CHAKULIA,IN,,22.45,86.7,131.0,19421101,19450430
74925099999,749250,99999,MORAN SOUTHWEST,IN,,27.15,94.9,100.0,19440220,19450228
74924099999,749240,99999,MALANDIGHI NORTHWEST,IN,,23.633,87.35,94.0,19431231,19441228
74923499999,749234,99999,GUSKHARA SOUTHEAST,IN,,23.467,87.783,41.0,19431201,19441215
74924999999,749249,99999,HAILAKANDI NORTHWEST,IN,,24.717,92.533,25.0,19440216,19440520
74925199999,749251,99999,SADIYA,IN,,27.85,95.667,130.0,19431231,19440430
74923999999,749239,99999,SHERGHATI NORTHEAST,IN,,24.6,84.883,149.0,19431130,19440418
74924799999,749247,99999,JHANZI WEST,IN,,26.85,94.433,92.0,19431231,19440219
43800001999,438000,99999,MATELA / ALMORA AWS,IN,Uttarakhand,29.62,79.62,1450.0,20120101,20260913
43800002999,438000,99999,KAPKOTE / BAGESHWAR AWS,IN,Uttarakhand,29.93,79.9,1100.0,20120101,20260913
43800003999,438000,99999,GAIRSAIN / CHAMOLI AWS,IN,Uttarakhand,30.05,79.28,1650.0,20120101,20260913
43800004999,438000,99999,CHAMPAWAT AWS,IN,Uttarakhand,29.33,80.1,1610.0,20120101,20260913
43800005999,438000,99999,DEHRADUN / JOLLYGRANT AIRPORT,IN,Uttarakhand,30.19,78.18,558.0,20120101,20260913
43800006999,438000,99999,MUSSOORIE / MALL ROAD AWS,IN,Uttarakhand,30.45,78.08,2005.0,20120101,20260913
43800007999,438000,99999,TIUNI AWS,IN,Uttarakhand,30.95,77.85,950.0,20120101,20260913
43800008999,438000,99999,DHANAURI / HARIDWAR AWS,IN,Uttarakhand,29.85,77.98,260.0,20120101,20260913
43800009999,438000,99999,BHARSAR / PAURI GARHWAL AWS,IN,Uttarakhand,30.05,78.98,1900.0,20120101,20260913
43800010999,438000,99999,PITHORAGARH / NAINI SAINI AIRPORT,IN,Uttarakhand,29.58,80.22,1636.0,20120101,20260913
43800011999,438000,99999,RUDRAPRAYAG AWS,IN,Uttarakhand,30.28,78.98,895.0,20120101,20260913
43800012999,438000,99999,GHANSALI AWS,IN,Uttarakhand,30.43,78.65,980.0,20120101,20260913
43800013999,438000,99999,RANI CHAWRI / TEHRI AWS,IN,Uttarakhand,30.32,78.42,1750.0,20120101,20260913
43800014999,438000,99999,JASPUR AWS,IN,Uttarakhand,29.28,78.82,240.0,20120101,20260913
43800015999,438000,99999,RUDRAPUR / PANTNAGAR AGRO AWS,IN,Uttarakhand,28.98,79.4,210.0,20120101,20260913
43800016999,438000,99999,PUROLA AWS,IN,Uttarakhand,30.88,78.08,1524.0,20120101,20260913
43800017999,438000,99999,UTTARKASHI / BHAGIRATHI AWS,IN,Uttarakhand,30.73,78.43,1158.0,20120101,20260913
43800018999,438000,99999,AGRA (TAJ OBSERVATORY),IN,Uttar Pradesh,27.17,78.04,169.0,20120101,20260913
43800019999,438000,99999,ALAPPUZHA / ALLEPPEY OBSERVATORY,IN,Kerala,9.49,76.33,4.0,20120101,20260913
43800020999,438000,99999,CHERRAPUNJEE / SOHRA OBSERVATORY,IN,Meghalaya,25.27,91.73,1313.0,20120101,20260913
43800021999,438000,99999,CHURK / SONBHADRA,IN,Uttar Pradesh,24.58,83.03,312.0,20120101,20260913
43800022999,438000,99999,DEHRI / DEHRI-ON-SONE,IN,Bihar,24.91,84.18,118.0,20120101,20260913
43800024999,438000,99999,ERODE / SOLAR OBSERVATORY,IN,Tamil Nadu,11.34,77.72,183.0,20120101,20260913
43800025999,438000,99999,FURSATGANJ / AMETHI AIRPORT,IN,Uttar Pradesh,26.15,81.38,105.0,20120101,20260913
43800026999,438000,99999,HALDIA PORT OBSERVATORY,IN,West Bengal,22.03,88.06,8.0,20120101,20260913
43800028999,438000,99999,ITANAGAR / DONYI POLO,IN,Arunachal Pradesh,27.1,93.62,320.0,20120101,20260913
43800029999,438000,99999,KADAPA / CUDDAPAH,IN,Andhra Pradesh,14.47,78.82,138.0,20120101,20260913
43800030999,438000,99999,KARUR PARAMATHI,IN,Tamil Nadu,10.95,77.92,152.0,20120101,20260913
43800031999,438000,99999,KARWAR / COASTAL BASE,IN,Karnataka,14.81,74.13,12.0,20120101,20260913
43800033999,438000,99999,KOTTAYAM / RUBBER BOARD,IN,Kerala,9.59,76.52,24.0,20120101,20260913
43800035999,438000,99999,MALANJKHAND / COPPER MINES,IN,Madhya Pradesh,22.02,80.72,580.0,20120101,20260913
43800036999,438000,99999,MANDYA / SUGARCANE RESEARCH,IN,Karnataka,12.52,76.9,678.0,20120101,20260913
43800037999,438000,99999,MATHERAN / HILL RESORT,IN,Maharashtra,18.98,73.27,800.0,20120101,20260913
43800038999,438000,99999,MAZBAT / UDALGURI,IN,Assam,26.78,92.35,95.0,20120101,20260913
43800039999,438000,99999,MOHANBARI / DIBRUGARH AIRPORT,IN,Assam,27.48,95.02,110.0,20120101,20260913
43800040999,438000,99999,NARNAUL / MAHENDRAGARH,IN,Haryana,28.04,76.11,300.0,20120101,20260913
43800041999,438000,99999,NEW DELHI (AYANAGAR IMD),IN,Delhi (NCR),28.48,77.13,265.0,20120101,20260913
43800042999,438000,99999,NEW DELHI (RIDGE IMD),IN,Delhi (NCR),28.67,77.21,230.0,20120101,20260913
43800043999,438000,99999,NEW DELHI (LODHI ROAD IMD),IN,Delhi (NCR),28.59,77.22,216.0,20120101,20260913
43800044999,438000,99999,NORTH LAKHIMPUR / LILABARI,IN,Assam,27.23,94.1,101.0,20120101,20260913
43800045999,438000,99999,ORAI / JALAUN,IN,Uttar Pradesh,25.99,79.45,139.0,20120101,20260913
43800046999,438000,99999,PASIGHAT / SIANG VALLEY,IN,Arunachal Pradesh,28.07,95.33,155.0,20120101,20260913
43800047999,438000,99999,PRAYAGRAJ / BAMRAULI AIRPORT,IN,Uttar Pradesh,25.45,81.73,98.0,20120101,20260913
43800048999,438000,99999,PUNALUR / KOLLAM HIGHLANDS,IN,Kerala,9.02,76.93,56.0,20120101,20260913
43800049999,438000,99999,QAZIGUND / PIR PANJAL,IN,Jammu & Kashmir,33.59,75.16,1670.0,20120101,20260913
43800050999,438000,99999,ROHTAK / MD UNIVERSITY,IN,Haryana,28.89,76.6,220.0,20120101,20260913
43800052999,438000,99999,SOLAN / NAUNI YS PARMAR UNIV,IN,Himachal Pradesh,30.86,77.17,1250.0,20120101,20260913
43800053999,438000,99999,SRI GANGANAGAR / THAR BORDER,IN,Rajasthan,29.92,73.88,178.0,20120101,20260913
43800055999,438000,99999,TADONG / ICAR GANGTOK,IN,Sikkim,27.32,88.6,1320.0,20120101,20260913
43800056999,438000,99999,THIRUVANANTHAPURAM / SHANGHUMUGHAM,IN,Kerala,8.48,76.92,5.0,20120101,20260913
43800057999,438000,99999,THRISSUR / VELLANIKKARA KAU,IN,Kerala,10.55,76.28,22.0,20120101,20260913
43800058999,438000,99999,TIRUPATI / RENIGUNTA AIRPORT,IN,Andhra Pradesh,13.63,79.42,160.0,20120101,20260913
43800059999,438000,99999,UDAGAMANDALAM / OOTY BOTANICAL,IN,Tamil Nadu,11.41,76.7,2240.0,20120101,20260913
43800061999,438000,99999,VALPARAI / ANAMALAI TIGER RESERVE,IN,Tamil Nadu,10.32,76.95,1060.0,20120101,20260913
43800062999,438000,99999,VARANASI / LAL BAHADUR SHASTRI INTL,IN,Uttar Pradesh,25.45,82.86,81.0,20120101,20260913
43800063999,438000,99999,DELHI / PITAMPURA AWS,IN,Delhi (NCR),28.7,77.14,220.0,20120101,20260913
43800064999,438000,99999,DELHI / NAJAFGARH AWS,IN,Delhi (NCR),28.61,76.98,215.0,20120101,20260913
43800065999,438000,99999,DELHI / JAFARPUR AWS,IN,Delhi (NCR),28.56,76.91,212.0,20120101,20260913
43800066999,438000,99999,DELHI / MUNGESHPUR AWS,IN,Delhi (NCR),28.82,77.02,218.0,20120101,20260913
43800067999,438000,99999,DELHI / NARELA AWS,IN,Delhi (NCR),28.85,77.09,215.0,20120101,20260913
43800068999,438000,99999,DELHI / MAYUR VIHAR AWS,IN,Delhi (NCR),28.6,77.3,208.0,20120101,20260913
43800069999,438000,99999,NOIDA / SECTOR 62 AWS,IN,Uttar Pradesh,28.63,77.36,205.0,20120101,20260913
43800070999,438000,99999,GHAZIABAD / VASUNDHARA AWS,IN,Uttar Pradesh,28.66,77.38,210.0,20120101,20260913
43800071999,438000,99999,GURUGRAM / SECTOR 51 AWS,IN,Haryana,28.43,77.07,230.0,20120101,20260913
43800072999,438000,99999,FARIDABAD / SURAJKUND AWS,IN,Haryana,28.41,77.31,215.0,20120101,20260913
43800073999,438000,99999,MUMBAI / COLABA OBSERVATORY,IN,Maharashtra,18.9,72.81,11.0,20120101,20260913
43800074999,438000,99999,MUMBAI / BKC BANDRA AWS,IN,Maharashtra,19.06,72.86,8.0,20120101,20260913
43800075999,438000,99999,MUMBAI / CHEMBUR AWS,IN,Maharashtra,19.05,72.89,14.0,20120101,20260913
43800076999,438000,99999,MUMBAI / MAHALAXMI RACECOURSE,IN,Maharashtra,18.98,72.82,6.0,20120101,20260913
43800077999,438000,99999,MUMBAI / RAM MANDIR GOREGAON,IN,Maharashtra,19.15,72.84,15.0,20120101,20260913
43800078999,438000,99999,THANE / WAGHLE ESTATE AWS,IN,Maharashtra,19.22,72.98,16.0,20120101,20260913
43800079999,438000,99999,NAVI MUMBAI / VASHI AWS,IN,Maharashtra,19.08,73.0,9.0,20120101,20260913
43800080999,438000,99999,KALYAN / DOMBIVLI AWS,IN,Maharashtra,19.24,73.13,22.0,20120101,20260913
43800081999,438000,99999,MIRA-BHAYANDAR AWS,IN,Maharashtra,19.29,72.85,12.0,20120101,20260913
43800082999,438000,99999,PANVEL / NMIA AIRPORT NODE,IN,Maharashtra,18.99,73.11,18.0,20120101,20260913
43800083999,438000,99999,ALIBAG / MAGNETIC OBSERVATORY,IN,Maharashtra,18.64,72.87,7.0,20120101,20260913
43800084999,438000,99999,CHENNAI / NUNGAMBAKKAM RMC,IN,Tamil Nadu,13.06,80.24,16.0,20120101,20260913
43800085999,438000,99999,CHENNAI / ENNORE PORT AWS,IN,Tamil Nadu,13.2,80.32,5.0,20120101,20260913
43800086999,438000,99999,CHENNAI / MADHAVARAM AWS,IN,Tamil Nadu,13.15,80.23,12.0,20120101,20260913
43800087999,438000,99999,CHENNAI / TARAMANI AWS,IN,Tamil Nadu,12.98,80.24,14.0,20120101,20260913
43800088999,438000,99999,CHEMBARAMBAKKAM LAKE AWS,IN,Tamil Nadu,13.01,80.06,28.0,20120101,20260913
43800089999,438000,99999,TAMBARAM / AIR FORCE STATION,IN,Tamil Nadu,12.92,80.12,27.0,20120101,20260913
43800090999,438000,99999,MAHABALIPURAM / SHORE TEMPLE,IN,Tamil Nadu,12.62,80.19,12.0,20120101,20260913
43800091999,438000,99999,BENGALURU CITY (CENTRAL OBSERVATORY),IN,Karnataka,12.97,77.58,921.0,20120101,20260913
43800092999,438000,99999,BENGALURU / GKVK UAS CAMPUS AWS,IN,Karnataka,13.07,77.58,930.0,20120101,20260913
43800093999,438000,99999,BENGALURU / ELECTRONIC CITY AWS,IN,Karnataka,12.85,77.66,910.0,20120101,20260913
43800094999,438000,99999,BENGALURU / WHITEFIELD ITPL AWS,IN,Karnataka,12.97,77.75,890.0,20120101,20260913
43800095999,438000,99999,BENGALURU / PEENYA INDUSTRIAL AWS,IN,Karnataka,13.03,77.52,915.0,20120101,20260913
43800096999,438000,99999,BENGALURU / KENGERI RR NAGAR AWS,IN,Karnataka,12.91,77.48,840.0,20120101,20260913
43800097999,438000,99999,KOLKATA / SALT LAKE BIDHANNAGAR,IN,West Bengal,22.58,88.42,11.0,20120101,20260913
43800098999,438000,99999,BARRACKPORE / AIR FORCE STATION,IN,West Bengal,22.78,88.35,18.0,20120101,20260913
43800099999,438000,99999,DIAMOND HARBOUR / HOOGHLY ESTUARY,IN,West Bengal,22.19,88.19,6.0,20120101,20260913
43800100999,438001,99999,CANNING / SUNDARBAN BIOSPHERE,IN,West Bengal,22.31,88.66,5.0,20120101,20260913
43800101999,438001,99999,DIGHA / BAY COASTAL OBSERVATORY,IN,West Bengal,21.63,87.51,8.0,20120101,20260913
43800102999,438001,99999,SAGAR ISLAND / GANGASAGAR AWS,IN,West Bengal,21.65,88.08,4.0,20120101,20260913
43800103999,438001,99999,HYDERABAD / BEGUMPET IMD HQ,IN,Telangana,17.45,78.47,531.0,20120101,20260913
43800104999,438001,99999,HYDERABAD / HITEC CITY MADHAPUR,IN,Telangana,17.44,78.38,550.0,20120101,20260913
43800105999,438001,99999,HYDERABAD / UPPAL METRO AWS,IN,Telangana,17.4,78.56,505.0,20120101,20260913
43800106999,438001,99999,HYDERABAD / SHAMSHABAD RGIA,IN,Telangana,17.24,78.43,617.0,20120101,20260913
43800107999,438001,99999,HYDERABAD / DUNDIGAL AFA,IN,Telangana,17.55,78.4,614.0,20120101,20260913
43800108999,438001,99999,HYDERABAD / RAJENDRANAGAR PJTSAU,IN,Telangana,17.32,78.41,545.0,20120101,20260913
43800109999,438001,99999,PUNE / SHIVAJI NAGAR CLIMATE HQ,IN,Maharashtra,18.53,73.85,560.0,20120101,20260913
43800110999,438001,99999,PUNE / PASHAN IITM OBSERVATORY,IN,Maharashtra,18.54,73.79,580.0,20120101,20260913
43800111999,438001,99999,PUNE / LAVALE SYMBIOSIS AWS,IN,Maharashtra,18.53,73.73,640.0,20120101,20260913
43800112999,438001,99999,PUNE / CHINCHWAD PCMC AWS,IN,Maharashtra,18.63,73.8,570.0,20120101,20260913
43800113999,438001,99999,PUNE / MAGARPATTA CYBERCITY,IN,Maharashtra,18.51,73.93,555.0,20120101,20260913
43800114999,438001,99999,LONAVALA / KHANDALA GHAT AWS,IN,Maharashtra,18.75,73.41,624.0,20120101,20260913
43800115999,438001,99999,KHADAKWASLA / CWPRS LAKE AWS,IN,Maharashtra,18.44,73.77,585.0,20120101,20260913
43800116999,438001,99999,DRAS / COLD DESERT OUTPOST,IN,Ladakh,34.43,75.75,3280.0,20120101,20260913
43800117999,438001,99999,KARGIL / SURU VALLEY AIRPORT,IN,Ladakh,34.55,76.13,2676.0,20120101,20260913
43800118999,438001,99999,DISKIT / NUBRA VALLEY AWS,IN,Ladakh,34.58,77.56,3144.0,20120101,20260913
43800119999,438001,99999,PANGONG TSO / LUKUNG BORDER AWS,IN,Ladakh,33.9,78.43,4350.0,20120101,20260913
43800120999,438001,99999,PADUM / ZANSKAR VALLEY AWS,IN,Ladakh,33.47,76.88,3669.0,20120101,20260913
43800121999,438001,99999,TAWANG / SELA PASS GATEWAY,IN,Arunachal Pradesh,27.59,91.87,3048.0,20120101,20260913
43800122999,438001,99999,BOMDILA / WEST KAMENG HIGHLANDS,IN,Arunachal Pradesh,27.26,92.42,2415.0,20120101,20260913
43800123999,438001,99999,ZIRO / APATANI PLATEAU,IN,Arunachal Pradesh,27.59,93.83,1688.0,20120101,20260913
43800124999,438001,99999,ROING / LOWER DIBANG VALLEY,IN,Arunachal Pradesh,28.14,95.84,390.0,20120101,20260913
43800125999,438001,99999,MAWSYNRAM / RAIN CAPITAL OBSERVATORY,IN,Meghalaya,25.3,91.58,1400.0,20120101,20260913
43800126999,438001,99999,NONGSTOIN / WEST KHASI HILLS,IN,Meghalaya,25.52,91.27,1409.0,20120101,20260913
43800127999,438001,99999,JOWAI / SYNOD COLLEGE AWS,IN,Meghalaya,25.44,92.2,1380.0,20120101,20260913
43800128999,438001,99999,TURA / GARO HILLS HQ,IN,Meghalaya,25.52,90.22,349.0,20120101,20260913
43800129999,438001,99999,MOKOKCHUNG / AO HILLS,IN,Nagaland,26.33,94.52,1325.0,20120101,20260913
43800130999,438001,99999,ZUNHEBOTO / SUMI HIGHLANDS,IN,Nagaland,25.97,94.52,1874.0,20120101,20260913
43800131999,438001,99999,TUENSANG / EASTERN FRONTIER,IN,Nagaland,26.28,94.83,1371.0,20120101,20260913
43800132999,438001,99999,WOKHA / LOTHA VALLEY,IN,Nagaland,26.1,94.27,1313.0,20120101,20260913
43800133999,438001,99999,CHURACHANDPUR / SOUTH MANIPUR,IN,Manipur,24.33,93.68,914.0,20120101,20260913
43800134999,438001,99999,UKHRUL / SIROI LILY HIGHLANDS,IN,Manipur,25.12,94.36,1662.0,20120101,20260913
43800135999,438001,99999,LUNGLEI / SOUTH MIZORAM,IN,Mizoram,22.88,92.74,722.0,20120101,20260913
43800136999,438001,99999,CHAMPHAI / INDO-MYANMAR BORDER,IN,Mizoram,23.47,93.33,1678.0,20120101,20260913
43800137999,438001,99999,HAFLONG / NORTH CACHAR HILLS,IN,Assam,25.17,93.02,680.0,20120101,20260913
43800138999,438001,99999,MAJULI / BRAHMAPUTRA RIVER ISLAND,IN,Assam,26.95,94.22,84.0,20120101,20260913
43800139999,438001,99999,PAHALGAM / LIDDER VALLEY,IN,Jammu & Kashmir,34.01,75.32,2130.0,20120101,20260913
43800140999,438001,99999,MANALI / BEAS VALLEY AWS,IN,Himachal Pradesh,32.24,77.19,2050.0,20120101,20260913
43800141999,438001,99999,DHARAMSHALA / KANGRA TEA GARDENS,IN,Himachal Pradesh,32.22,76.32,1457.0,20120101,20260913
43800142999,438001,99999,KALPA / KINNAUR APPLE BELT,IN,Himachal Pradesh,31.54,78.26,2960.0,20120101,20260913
43800143999,438001,99999,KAZA / SPITI TRANS-HIMALAYA,IN,Himachal Pradesh,32.22,78.07,3650.0,20120101,20260913
43800144999,438001,99999,KEYLONG / ROHTANG TUNNEL NORTH,IN,Himachal Pradesh,32.57,77.03,3080.0,20120101,20260913
43800145999,438001,99999,PHALODI / THAR HEAT POLE (51.0°C),IN,Rajasthan,27.13,72.36,233.0,20120101,20260913
43800146999,438001,99999,POKHRAN / NUCLEAR TEST RANGE AWS,IN,Rajasthan,26.92,71.91,233.0,20120101,20260913
43800147999,438001,99999,SAMBHAR LAKE / SALT PLAYA AWS,IN,Rajasthan,26.9,75.2,360.0,20120101,20260913
43800148999,438001,99999,JALORE / GRANITE CITY AWS,IN,Rajasthan,25.35,72.62,178.0,20120101,20260913
43800149999,438001,99999,SIROHI / ARAVALLI FOOTHILLS,IN,Rajasthan,24.88,72.86,321.0,20120101,20260913
43800150999,438001,99999,PALI / MARWAR REGION,IN,Rajasthan,25.77,73.33,214.0,20120101,20260913
43800151999,438001,99999,NAGAUR / CENTRAL RAJASTHAN,IN,Rajasthan,27.2,73.74,302.0,20120101,20260913
43800152999,438001,99999,HANUMANGARH / GHAGGAR BASIN,IN,Rajasthan,29.58,74.32,177.0,20120101,20260913
43800153999,438001,99999,MUNDRA PORT / GULF OF KUTCH,IN,Gujarat,22.84,69.71,13.0,20120101,20260913
43800154999,438001,99999,MANDVI / KUTCH COASTAL AWS,IN,Gujarat,22.83,69.35,15.0,20120101,20260913
43800155999,438001,99999,GANDHIDHAM / KANDLA SEZ,IN,Gujarat,23.08,70.13,27.0,20120101,20260913
43800156999,438001,99999,DHOLERA / SPECIAL INVESTMENT REGION,IN,Gujarat,22.25,72.19,10.0,20120101,20260913
43800157999,438001,99999,SOMNATH / VERAVAL TEMPLE COAST,IN,Gujarat,20.9,70.37,12.0,20120101,20260913
43800158999,438001,99999,DIU / NAGOA BEACH AIRPORT,IN,Daman and Diu,20.71,70.92,9.0,20120101,20260913
43800159999,438001,99999,DAMAN / MOTI DAMAN FORT,IN,Dadra and Nagar Haveli and Daman and Diu,20.4,72.83,5.0,20120101,20260913
43800160999,438001,99999,SILVASSA / DNH TRIBAL CAPITAL,IN,Dadra and Nagar Haveli and Daman and Diu,20.27,73.02,32.0,20120101,20260913
43800161999,438001,99999,MUNNAR / HIGH RANGE TEA ESTATE,IN,Kerala,10.09,77.06,1532.0,20120101,20260913
43800162999,438001,99999,WAYANAD / AMBALAVAYAL RARS,IN,Kerala,11.62,76.22,974.0,20120101,20260913
43800163999,438001,99999,IDUKKI / PAINAVU ARCH DAM,IN,Kerala,9.85,76.97,750.0,20120101,20260913
43800164999,438001,99999,PONMUDI / GOLDEN VALLEY PEAK,IN,Kerala,8.76,77.11,945.0,20120101,20260913
43800165999,438001,99999,KODAIKANAL / SOLAR OBSERVATORY,IN,Tamil Nadu,10.23,77.47,2343.0,20120101,20260913
43800166999,438001,99999,DHANUSHKODI / RAMESWARAM POINT,IN,Tamil Nadu,9.17,79.41,3.0,20120101,20260913
43800167999,438001,99999,KANYAKUMARI / TRIVENI SANGAM,IN,Tamil Nadu,8.08,77.55,10.0,20120101,20260913
43800168999,438001,99999,TUTICORIN / VOC PORT COMPLEX,IN,Tamil Nadu,8.75,78.18,4.0,20120101,20260913
43800169999,438001,99999,PARADIP / DEEPWATER HARBOUR,IN,Odisha,20.26,86.67,4.0,20120101,20260913
43800170999,438001,99999,CHILIKA LAKE / BARKUL ECO-OBS,IN,Odisha,19.69,85.19,8.0,20120101,20260913
43800171999,438001,99999,MAYURBHANJ / BARIPADA SIMILIPAL,IN,Odisha,21.93,86.73,36.0,20120101,20260913
43800172999,438001,99999,KORAPUT / SUNABEDA HAL DEFENCE,IN,Odisha,18.73,82.85,890.0,20120101,20260913
43800173999,438001,99999,KALAHANDI / BHAWANIPATNA DOCK,IN,Odisha,19.9,83.17,254.0,20120101,20260913
43800174999,438001,99999,BASTAR / JAGDALPUR TRIBAL MET,IN,Chhattisgarh,19.07,82.03,555.0,20120101,20260913
43800175999,438001,99999,DANTEWADA / BAILADILA MINES,IN,Chhattisgarh,18.9,81.35,350.0,20120101,20260913
43800176999,438001,99999,SUKMA / SOUTH CHHATTISGARH,IN,Chhattisgarh,18.4,81.67,210.0,20120101,20260913
43800177999,438001,99999,SINGRAULI / NTPC ENERGY CAPITAL,IN,Madhya Pradesh,24.2,82.67,463.0,20120101,20260913
43800178999,438001,99999,NETARHAT / SUNRISE POINT,IN,Jharkhand,23.48,84.27,1070.0,20120101,20260913
43800179999,438001,99999,PARASNATH / SHIKHARJI SUMMIT,IN,Jharkhand,23.96,86.13,1350.0,20120101,20260913
43800180999,438001,99999,SWARAJ DWEEP / HAVELOCK ISLAND,IN,Andaman & Nicobar,11.98,92.98,15.0,20120101,20260913
43800181999,438001,99999,SHAHEED DWEEP / NEIL ISLAND,IN,Andaman & Nicobar,11.83,93.05,12.0,20120101,20260913
43800182999,438001,99999,CAMPBELL BAY / GREAT NICOBAR,IN,Andaman & Nicobar,7.01,93.92,10.0,20120101,20260913
43800183999,438001,99999,KAVARATTI / LAKSHADWEEP CAPITAL,IN,Lakshadweep,10.57,72.64,3.0,20120101,20260913
43800184999,438001,99999,ANDROTT ISLAND / CORAL REEF AWS,IN,Lakshadweep,10.82,73.68,3.0,20120101,20260913
43800185999,438001,99999,KALPENI ISLAND / ATOLL MET OBS,IN,Lakshadweep,10.08,73.65,2.0,20120101,20260913
43800186999,438001,99999,MAHABALESHWAR / POLADPUR GHAT,IN,Maharashtra,17.92,73.66,1372.0,20120101,20260913
43800187999,438001,99999,PANCHGANI / TABLE LAND AWS,IN,Maharashtra,17.92,73.8,1293.0,20120101,20260913
43800188999,438001,99999,SHIRDI / TEMPLE TOWN AWS,IN,Maharashtra,19.77,74.48,504.0,20120101,20260913
43800189999,438001,99999,TRIMBAKESHWAR / GODAVARI ORIGIN,IN,Maharashtra,19.93,73.53,720.0,20120101,20260913
43800190999,438001,99999,PANDHARPUR / BHIMA VALLEY,IN,Maharashtra,17.68,75.33,458.0,20120101,20260913
43800191999,438001,99999,BARAMATI / AGRI TECH MESONET,IN,Maharashtra,18.15,74.58,538.0,20120101,20260913
43800192999,438001,99999,SATARA / AJINKYATARA AWS,IN,Maharashtra,17.68,73.98,742.0,20120101,20260913
43800193999,438001,99999,SANGLI / KRISHNA VALLEY,IN,Maharashtra,16.85,74.58,549.0,20120101,20260913
43800194999,438001,99999,ICHALKARANJI / MANCHESTER OF MAHA,IN,Maharashtra,16.7,74.46,538.0,20120101,20260913
43800195999,438001,99999,HINGOLI / MARATHWADA,IN,Maharashtra,19.72,77.15,457.0,20120101,20260913
43800196999,438001,99999,WASHIM / VIDARBHA,IN,Maharashtra,20.1,77.13,546.0,20120101,20260913
43800197999,438001,99999,GONDIA / RICE CITY,IN,Maharashtra,21.46,80.2,300.0,20120101,20260913
43800198999,438001,99999,BHANDARA / BRASS CITY,IN,Maharashtra,21.17,79.65,244.0,20120101,20260913
43800199999,438001,99999,GADCHIROLI / FOREST MET OBS,IN,Maharashtra,20.18,80.0,217.0,20120101,20260913
43800200999,438002,99999,WARDHA / SEVAGRAM ASHRAM,IN,Maharashtra,20.74,78.6,234.0,20120101,20260913
43800201999,438002,99999,CHANDRAPUR / COAL BELT AWS,IN,Maharashtra,19.95,79.3,189.0,20120101,20260913
43800202999,438002,99999,JALNA / STEEL AGRO MESONET,IN,Maharashtra,19.84,75.88,508.0,20120101,20260913
43800203999,438002,99999,BEED / BALAGHAT RANGE,IN,Maharashtra,18.99,75.76,515.0,20120101,20260913
43800204999,438002,99999,OSMANABAD / DHARASHIV AWS,IN,Maharashtra,18.18,76.04,653.0,20120101,20260913
43800205999,438002,99999,LATUR / MARATHWADA HUB,IN,Maharashtra,18.4,76.58,631.0,20120101,20260913
43800206999,438002,99999,PARBHANI / VNMKV AGRI UNIV,IN,Maharashtra,19.27,76.78,407.0,20120101,20260913
43800207999,438002,99999,NANDURBAR / SATPUDA TRIBAL,IN,Maharashtra,21.37,74.24,210.0,20120101,20260913
43800208999,438002,99999,DHULE / WEST KHANDESH,IN,Maharashtra,20.9,74.78,240.0,20120101,20260913
43800209999,438002,99999,BULDHANA / LONAR CRATER OBS,IN,Maharashtra,20.53,76.18,639.0,20120101,20260913
43800210999,438002,99999,YAVATMAL / COTTON CITY,IN,Maharashtra,20.4,78.13,445.0,20120101,20260913
43800211999,438002,99999,PATAN / RANI KI VAV AWS,IN,Gujarat,23.85,72.13,76.0,20120101,20260913
43800212999,438002,99999,PALANPUR / BANASKANTHA HQ,IN,Gujarat,24.17,72.43,209.0,20120101,20260913
43800213999,438002,99999,HIMATNAGAR / SABARKANTHA,IN,Gujarat,23.6,72.96,127.0,20120101,20260913
43800214999,438002,99999,MODASA / ARAVALLI DISTRICT,IN,Gujarat,23.46,73.3,197.0,20120101,20260913
43800215999,438002,99999,NAVSARI / SOUTH GUJARAT AGRI,IN,Gujarat,20.95,72.93,9.0,20120101,20260913
43800216999,438002,99999,ANKLESHWAR / CHEMICAL CORRIDOR,IN,Gujarat,21.63,73.0,19.0,20120101,20260913
43800217999,438002,99999,BHARUCH / NARMADA ESTUARY,IN,Gujarat,21.7,72.97,15.0,20120101,20260913
43800218999,438002,99999,GODHRA / PANCHMAHAL,IN,Gujarat,22.78,73.61,73.0,20120101,20260913
43800219999,438002,99999,DAHOD / TRIBAL PLATEAU,IN,Gujarat,22.83,74.26,279.0,20120101,20260913
43800220999,438002,99999,VYARA / TAPI DISTRICT,IN,Gujarat,21.11,73.4,98.0,20120101,20260913
43800221999,438002,99999,BOTAD / SAURASHTRA,IN,Gujarat,22.17,71.67,70.0,20120101,20260913
43800222999,438002,99999,CHHOTA UDEPUR,IN,Gujarat,22.31,74.01,148.0,20120101,20260913
43800223999,438002,99999,MORBI / CERAMIC CAPITAL,IN,Gujarat,22.82,70.84,54.0,20120101,20260913
43800224999,438002,99999,SURENDRANAGAR / WADHWAN,IN,Gujarat,22.72,71.64,98.0,20120101,20260913
43800225999,438002,99999,JUNAGADH / GIRNAR FOOTHILLS,IN,Gujarat,21.52,70.47,107.0,20120101,20260913
43800226999,438002,99999,KESHOD / AIRPORT AWS,IN,Gujarat,21.3,70.25,42.0,20120101,20260913
43800227999,438002,99999,JAMNAGAR / RELIANCE REFINERY,IN,Gujarat,22.47,70.07,20.0,20120101,20260913
43800228999,438002,99999,MEHSANA / MILK CITY,IN,Gujarat,23.6,72.4,81.0,20120101,20260913
43800229999,438002,99999,NADIAD / CHAROTAR REGION,IN,Gujarat,22.69,72.86,35.0,20120101,20260913
43800230999,438002,99999,ANAND / AMUL DAIRY CAPITAL,IN,Gujarat,22.56,72.93,39.0,20120101,20260913
43800231999,438002,99999,JHUNJHUNU / SHEKHAWATI,IN,Rajasthan,28.13,75.4,323.0,20120101,20260913
43800232999,438002,99999,SIKAR / KHATU SHYAM REGION,IN,Rajasthan,27.62,75.15,427.0,20120101,20260913
43800233999,438002,99999,DAUSA / ABHANERI REGION,IN,Rajasthan,26.89,76.33,333.0,20120101,20260913
43800234999,438002,99999,TONK / NAWAB CITY,IN,Rajasthan,26.17,75.79,289.0,20120101,20260913
43800235999,438002,99999,SAWAI MADHOPUR / RANTHAMBORE,IN,Rajasthan,25.98,76.37,275.0,20120101,20260913
43800236999,438002,99999,KARAULI / KELA DEVI,IN,Rajasthan,26.5,77.02,275.0,20120101,20260913
43800237999,438002,99999,DHOLPUR / CHAMBAL RAVINES,IN,Rajasthan,26.7,77.9,177.0,20120101,20260913
43800238999,438002,99999,BARAN / HADOTI PLATEAU,IN,Rajasthan,25.1,76.51,262.0,20120101,20260913
43800239999,438002,99999,JHALAWAR / GAGRON FORT,IN,Rajasthan,24.6,76.16,312.0,20120101,20260913
43800240999,438002,99999,CHITTORGARH / VIJAY STAMBH,IN,Rajasthan,24.88,74.63,394.0,20120101,20260913
43800241999,438002,99999,RAJSAMAND / LAKE MARBLE,IN,Rajasthan,25.07,73.88,547.0,20120101,20260913
43800242999,438002,99999,PRATAPGARH / TRIBAL SOUTH,IN,Rajasthan,24.03,74.78,491.0,20120101,20260913
43800244999,438002,99999,BEAWAR / MINERAL CORRIDOR,IN,Rajasthan,26.1,74.32,439.0,20120101,20260913
43800245999,438002,99999,KISHANGARH / AIRPORT & MARBLE,IN,Rajasthan,26.58,74.87,433.0,20120101,20260913
43800246999,438002,99999,ABU ROAD / RAILWAY JUNCTION,IN,Rajasthan,24.48,72.78,263.0,20120101,20260913
43800247999,438002,99999,DIDWANA / SALT MARSH AWS,IN,Rajasthan,27.4,74.57,336.0,20120101,20260913
43800248999,438002,99999,KUCHAMAN / FORT CITY,IN,Rajasthan,27.15,74.85,412.0,20120101,20260913
43800249999,438002,99999,SUJANGARH / CHURU PLAINS,IN,Rajasthan,27.7,74.45,312.0,20120101,20260913
43800250999,438002,99999,MAKRANA / MARBLE MINES,IN,Rajasthan,27.05,74.72,420.0,20120101,20260913
43800251999,438002,99999,GREATER NOIDA / KNOWLEDGE PARK,IN,Uttar Pradesh,28.47,77.5,201.0,20120101,20260913
43800252999,438002,99999,BULANDSHAHR / UPPER DOAB,IN,Uttar Pradesh,28.4,77.85,208.0,20120101,20260913
43800253999,438002,99999,HAPUR / GRAIN MANDI,IN,Uttar Pradesh,28.73,77.78,213.0,20120101,20260913
43800254999,438002,99999,SAMBHAL / ROHILKHAND,IN,Uttar Pradesh,28.58,78.57,193.0,20120101,20260913
43800255999,438002,99999,AMROHA / VASUDEV CITY,IN,Uttar Pradesh,28.9,78.47,211.0,20120101,20260913
43800256999,438002,99999,RAMPUR / NAWAB PALACE,IN,Uttar Pradesh,28.8,79.03,192.0,20120101,20260913
43800257999,438002,99999,BADAUN / GANGA BASIN,IN,Uttar Pradesh,28.03,79.12,169.0,20120101,20260913
43800258999,438002,99999,SHAHJAHANPUR / ROSA POWER,IN,Uttar Pradesh,27.88,79.91,153.0,20120101,20260913
43800259999,438002,99999,PILIBHIT / TIGER RESERVE OBS,IN,Uttar Pradesh,28.63,79.8,172.0,20120101,20260913
43800260999,438002,99999,LAKHIMPUR KHERI / DUDHWA,IN,Uttar Pradesh,27.95,80.77,147.0,20120101,20260913
43800261999,438002,99999,SITAPUR / NAIMISHARANYA,IN,Uttar Pradesh,27.57,80.68,138.0,20120101,20260913
43800262999,438002,99999,UNNAO / LEATHER INDUSTRIAL,IN,Uttar Pradesh,26.54,80.49,127.0,20120101,20260913
43800263999,438002,99999,RAE BARELI / MODERN COACH,IN,Uttar Pradesh,26.23,81.24,110.0,20120101,20260913
43800264999,438002,99999,AMETHI / JAGDISHPUR INDUSTRIAL,IN,Uttar Pradesh,26.15,81.81,107.0,20120101,20260913
43800265999,438002,99999,FATEHPUR / DOAB HEARTLAND,IN,Uttar Pradesh,25.93,80.81,118.0,20120101,20260913
43800266999,438002,99999,KAUSHAMBI / ANCIENT CAPITAL,IN,Uttar Pradesh,25.53,81.38,105.0,20120101,20260913
43800267999,438002,99999,JAUNPUR / SHARQI DYNASTY,IN,Uttar Pradesh,25.75,82.68,86.0,20120101,20260913
43800268999,438002,99999,GHAZIPUR / OPIUM FACTORY,IN,Uttar Pradesh,25.58,83.58,73.0,20120101,20260913
43800269999,438002,99999,BALLIA / EASTERN TIP OF UP,IN,Uttar Pradesh,25.76,84.15,68.0,20120101,20260913
43800270999,438002,99999,MAU / WEAVING MET OBS,IN,Uttar Pradesh,25.95,83.56,73.0,20120101,20260913
43800271999,438002,99999,DEORIA / SARAYU BASIN,IN,Uttar Pradesh,26.5,83.78,68.0,20120101,20260913
43800272999,438002,99999,KUSHINAGAR / MAHAPARINIRVANA,IN,Uttar Pradesh,26.74,83.89,77.0,20120101,20260913
43800273999,438002,99999,MAHARAJGANJ / TERAI BORDER,IN,Uttar Pradesh,27.15,83.56,92.0,20120101,20260913
43800274999,438002,99999,SIDDHARTHNAGAR / KAPILVASTU,IN,Uttar Pradesh,27.28,83.1,93.0,20120101,20260913
43800275999,438002,99999,BALRAMPUR / DEVIPATAN,IN,Uttar Pradesh,27.43,82.18,111.0,20120101,20260913
43800276999,438002,99999,SHRAVASTI / JETHAVANA MONASTERY,IN,Uttar Pradesh,27.51,82.02,118.0,20120101,20260913
43800277999,438002,99999,KANNAUJ / PERFUME CAPITAL,IN,Uttar Pradesh,27.05,79.92,139.0,20120101,20260913
43800278999,438002,99999,AURAIYA / PETROCHEMICAL COMPLEX,IN,Uttar Pradesh,26.47,79.51,137.0,20120101,20260913
43800279999,438002,99999,MAINPURI / YADAV BELT,IN,Uttar Pradesh,27.23,79.03,153.0,20120101,20260913
43800280999,438002,99999,ETAH / BRAJ FOOTHILLS,IN,Uttar Pradesh,27.56,78.67,170.0,20120101,20260913
43800281999,438002,99999,KASGANJ / KANSGANJ DOAB,IN,Uttar Pradesh,27.81,78.65,177.0,20120101,20260913
43800282999,438002,99999,MATHURA / VRINDAVAN REFINERY,IN,Uttar Pradesh,27.5,77.68,174.0,20120101,20260913
43800283999,438002,99999,HATHRAS / HEENG CAPITAL,IN,Uttar Pradesh,27.6,78.05,178.0,20120101,20260913
43800284999,438002,99999,FIROZABAD / GLASS CITY,IN,Uttar Pradesh,27.15,78.4,164.0,20120101,20260913
43800285999,438002,99999,MIRZAPUR / VINDHYACHAL,IN,Uttar Pradesh,25.15,82.58,80.0,20120101,20260913
43800286999,438002,99999,BHADOHI / CARPET CITY,IN,Uttar Pradesh,25.42,82.57,85.0,20120101,20260913
43800287999,438002,99999,SHIVPURI / MADHAV NATIONAL PARK,IN,Madhya Pradesh,25.43,77.66,468.0,20120101,20260913
43800288999,438002,99999,VIDISHA / SANCHI STUPA,IN,Madhya Pradesh,23.53,77.82,428.0,20120101,20260913
43800289999,438002,99999,RAISEN / BHIMBETKA ROCK SHELTERS,IN,Madhya Pradesh,23.33,77.78,442.0,20120101,20260913
43800290999,438002,99999,SEHORE / CRESCENT WATER PARK,IN,Madhya Pradesh,23.2,77.08,502.0,20120101,20260913
43800291999,438002,99999,RAJGARH / MALWA FOOTHILLS,IN,Madhya Pradesh,24.01,76.73,491.0,20120101,20260913
43800292999,438002,99999,DEWAS / CHAMUNDA HILLS,IN,Madhya Pradesh,22.97,76.05,535.0,20120101,20260913
43800293999,438002,99999,SHAJAPUR / KALIDASA CITY,IN,Madhya Pradesh,23.43,76.27,443.0,20120101,20260913
43800294999,438002,99999,MANDSAUR / PASHUPATINATH,IN,Madhya Pradesh,24.07,75.07,436.0,20120101,20260913
43800295999,438002,99999,NEEMUCH / CRPF CRADLE,IN,Madhya Pradesh,24.47,74.87,452.0,20120101,20260913
43800296999,438002,99999,BARWANI / NARMADA VALLEY,IN,Madhya Pradesh,22.03,74.9,178.0,20120101,20260913
43800297999,438002,99999,BURHANPUR / ASIRGARH FORT,IN,Madhya Pradesh,21.32,76.23,247.0,20120101,20260913
43800298999,438002,99999,HARDA / NIMAR CORRIDOR,IN,Madhya Pradesh,22.34,77.1,296.0,20120101,20260913
43800299999,438002,99999,NARSINGHPUR / GADARWARA NTPC,IN,Madhya Pradesh,22.95,79.2,347.0,20120101,20260913
43800300999,438003,99999,DINDORI / TRIBAL GONDWANA,IN,Madhya Pradesh,22.95,81.08,640.0,20120101,20260913
43800301999,438003,99999,ANUPPUR / AMARKANTAK NARMADA ORIGIN,IN,Madhya Pradesh,22.67,81.75,1048.0,20120101,20260913
43800302999,438003,99999,UMARIA / BANDHAVGARH TIGER,IN,Madhya Pradesh,23.53,80.83,471.0,20120101,20260913
43800303999,438003,99999,DAMOH / BUNDELKHAND PLATEAU,IN,Madhya Pradesh,23.83,79.44,375.0,20120101,20260913
43800304999,438003,99999,PANNA / DIAMOND MINES,IN,Madhya Pradesh,24.72,80.2,433.0,20120101,20260913
43800305999,438003,99999,TIKAMGARH / ORCHHA PALACE,IN,Madhya Pradesh,24.75,78.83,349.0,20120101,20260913
43800306999,438003,99999,CHHATARPUR / KHAJURAHO TEMPLE TOWN,IN,Madhya Pradesh,24.92,79.58,305.0,20120101,20260913
43800307999,438003,99999,NIWARI / ORCHHA HERITAGE,IN,Madhya Pradesh,25.37,78.54,252.0,20120101,20260913
43800308999,438003,99999,DATIA / PITAMBARA PEETH,IN,Madhya Pradesh,25.67,78.47,247.0,20120101,20260913
43800309999,438003,99999,BHIND / CHAMBAL BORDER,IN,Madhya Pradesh,26.56,78.79,143.0,20120101,20260913
43800310999,438003,99999,MORENA / PEACOCK SANCTUARY,IN,Madhya Pradesh,26.5,78.0,177.0,20120101,20260913
43800311999,438003,99999,ASHOKNAGAR / CHANDERI SAREE,IN,Madhya Pradesh,24.58,77.73,507.0,20120101,20260913
43800312999,438003,99999,SASARAM / SHER SHAH SURI TOMB,IN,Bihar,24.95,84.03,107.0,20120101,20260913
43800313999,438003,99999,BUXAR / BATTLE OF BUXAR SITE,IN,Bihar,25.56,83.98,65.0,20120101,20260913
43800314999,438003,99999,ARA / BHOJPUR HQ,IN,Bihar,25.56,84.66,62.0,20120101,20260913
43800315999,438003,99999,SIWAN / RAJENDRA PRASAD SMARAK,IN,Bihar,26.22,84.36,64.0,20120101,20260913
43800316999,438003,99999,GOPALGANJ / GANDAK BASIN,IN,Bihar,26.47,84.44,66.0,20120101,20260913
43800317999,438003,99999,MOTIHARI / EAST CHAMPARAN SATYAGRAHA,IN,Bihar,26.65,84.92,62.0,20120101,20260913
43800318999,438003,99999,BETTIAH / WEST CHAMPARAN VALMIKI,IN,Bihar,26.8,84.5,65.0,20120101,20260913
43800319999,438003,99999,SITAMARHI / MAITHILI REGION,IN,Bihar,26.6,85.48,56.0,20120101,20260913
43800320999,438003,99999,SHEOHAR / BAGMATI BASIN,IN,Bihar,26.52,85.29,61.0,20120101,20260913
43800321999,438003,99999,MADHUBANI / MITHILA ART,IN,Bihar,26.35,86.08,56.0,20120101,20260913
43800322999,438003,99999,SUPAUL / KOSI BARRAGE,IN,Bihar,26.12,86.6,54.0,20120101,20260913
43800323999,438003,99999,ARARIA / SEEMANCHAL,IN,Bihar,26.15,87.52,47.0,20120101,20260913
43800324999,438003,99999,KISHANGANJ / TEA GARDENS OF BIHAR,IN,Bihar,26.1,87.95,53.0,20120101,20260913
43800325999,438003,99999,KATIHAR / JUTE MILLS MET,IN,Bihar,25.54,87.57,30.0,20120101,20260913
43800326999,438003,99999,MADHEPURA / B.N. MANDAL UNIV,IN,Bihar,25.92,86.79,48.0,20120101,20260913
43800327999,438003,99999,SAHARSA / KOSI EMBANKMENT,IN,Bihar,25.88,86.6,44.0,20120101,20260913
43800328999,438003,99999,KHAGARIA / SEVEN RIVERS CONFLUENCE,IN,Bihar,25.5,86.48,36.0,20120101,20260913
43800329999,438003,99999,BEGUSARAI / KANWAR LAKE BIRD,IN,Bihar,25.42,86.13,41.0,20120101,20260913
43800330999,438003,99999,MUNGER / YOGA BHARATI UNIVERSITY,IN,Bihar,25.37,86.47,43.0,20120101,20260913
43800331999,438003,99999,JAMUI / JAIN CIRCUIT,IN,Bihar,24.92,86.22,78.0,20120101,20260913
43800332999,438003,99999,LAKHISARAI / ASHOKDHAM,IN,Bihar,25.18,86.09,50.0,20120101,20260913
43800333999,438003,99999,SHEIKHPURA / HILL TOP,IN,Bihar,25.13,85.85,44.0,20120101,20260913
43800334999,438003,99999,NAWADA / KAKOLAT WATERFALL,IN,Bihar,24.88,85.53,80.0,20120101,20260913
43800335999,438003,99999,AURANGABAD / SUN TEMPLE DEO,IN,Bihar,24.75,84.37,108.0,20120101,20260913
43800336999,438003,99999,JEHANABAD / BARABAR CAVES,IN,Bihar,25.21,84.99,54.0,20120101,20260913
43800337999,438003,99999,ARWAL / SONE VALLEY,IN,Bihar,25.25,84.67,67.0,20120101,20260913
43800338999,438003,99999,SAMASTIPUR / PUSA AGRI RAJENDRA UNIV,IN,Bihar,25.86,85.78,52.0,20120101,20260913
43800339999,438003,99999,VAISHALI / ANCIENT REPUBLIC,IN,Bihar,25.99,85.13,52.0,20120101,20260913
43800340999,438003,99999,NALANDA / RAJGIR ROPEWAY,IN,Bihar,25.18,85.42,67.0,20120101,20260913
43800341999,438003,99999,HOWRAH / NABANNA HQ,IN,West Bengal,22.59,88.31,12.0,20120101,20260913
43800342999,438003,99999,HOOGHLY / CHINSURAH IMD,IN,West Bengal,22.9,88.39,14.0,20120101,20260913
43800343999,438003,99999,KALYANI / AIIMS & TECH CAMPUS,IN,West Bengal,22.98,88.43,11.0,20120101,20260913
43800344999,438003,99999,RANAGHAT / NADIA DISTRICT,IN,West Bengal,23.18,88.58,10.0,20120101,20260913
43800345999,438003,99999,KRISHNANAGAR / RAJBARI,IN,West Bengal,23.4,88.5,14.0,20120101,20260913
43800346999,438003,99999,BOLPUR / VISVA BHARATI SHANTINIKETAN,IN,West Bengal,23.67,87.68,56.0,20120101,20260913
43800347999,438003,99999,SURI / BIRBHUM DISTRICT HQ,IN,West Bengal,23.9,87.53,71.0,20120101,20260913
43800348999,438003,99999,PURULIA / AJODHYA HILLS,IN,West Bengal,23.33,86.36,228.0,20120101,20260913
43800349999,438003,99999,BISHNUPUR / TERRACOTTA TEMPLE,IN,West Bengal,23.08,87.32,59.0,20120101,20260913
43800350999,438003,99999,TAMLUK / MIDNAPORE EAST,IN,West Bengal,22.3,87.92,6.0,20120101,20260913
43800351999,438003,99999,CONTAI / COASTAL BALISAI,IN,West Bengal,21.78,87.75,6.0,20120101,20260913
43800352999,438003,99999,RAMPURHAT / TARAPITH TEMPLE,IN,West Bengal,24.17,87.78,56.0,20120101,20260913
43800353999,438003,99999,FARAKKA / BARRAGE NTPC,IN,West Bengal,24.81,87.91,26.0,20120101,20260913
43800354999,438003,99999,JANGIPUR / MURSHIDABAD,IN,West Bengal,24.47,88.07,19.0,20120101,20260913
43800355999,438003,99999,BERHAMPORE / SILK CITY,IN,West Bengal,24.1,88.25,18.0,20120101,20260913
43800356999,438003,99999,KHARAGPUR / IIT CAMPUS AWS,IN,West Bengal,22.31,87.31,61.0,20120101,20260913
43800357999,438003,99999,JHARGRAM / JUNGLE MAHAL,IN,West Bengal,22.45,86.98,81.0,20120101,20260913
43800358999,438003,99999,ALIPURDUAR / BUXA TIGER RESERVE,IN,West Bengal,26.49,89.53,93.0,20120101,20260913
43800359999,438003,99999,KALIMPONG / HILL RESORT,IN,West Bengal,27.06,88.47,1250.0,20120101,20260913
43800360999,438003,99999,KURSEONG / LAND OF WHITE ORCHIDS,IN,West Bengal,26.88,88.28,1458.0,20120101,20260913
43800361999,438003,99999,TIRUVANNAMALAI / ANNAMALAIYAR,IN,Tamil Nadu,12.23,79.07,171.0,20120101,20260913
43800362999,438003,99999,VELLORE / GOLDEN TEMPLE FORT,IN,Tamil Nadu,12.92,79.13,216.0,20120101,20260913
43800363999,438003,99999,RANIPET / LEATHER INDUSTRIAL,IN,Tamil Nadu,12.93,79.33,160.0,20120101,20260913
43800364999,438003,99999,TIRUPATTUR / JAVADHU HILLS,IN,Tamil Nadu,12.5,78.57,388.0,20120101,20260913
43800365999,438003,99999,VILLUPURAM / CENTRAL TAMIL NADU,IN,Tamil Nadu,11.94,79.49,43.0,20120101,20260913
43800366999,438003,99999,KALLAKURICHI / GOMUKHI DAM,IN,Tamil Nadu,11.74,78.96,115.0,20120101,20260913
43800367999,438003,99999,PERAMBALUR / SUGARCANE BELT,IN,Tamil Nadu,11.23,78.88,143.0,20120101,20260913
43800368999,438003,99999,ARIYALUR / CEMENT CORRIDOR,IN,Tamil Nadu,11.14,79.08,76.0,20120101,20260913
43800369999,438003,99999,TENKASI / COURTALLAM FALLS,IN,Tamil Nadu,8.96,77.31,143.0,20120101,20260913
43800370999,438003,99999,DINDIGUL / LOCK CITY FORT,IN,Tamil Nadu,10.37,77.98,268.0,20120101,20260913
43800371999,438003,99999,THENI / VAIGAI DAM,IN,Tamil Nadu,10.01,77.48,295.0,20120101,20260913
